n_estimators,rf_accuracy,rf_f1,rf_recall,rf_auc,lgbm_accuracy,lgbm_f1,lgbm_recall,lgbm_auc,hyb_accuracy,hyb_f1,hyb_recall,hyb_auc
50,0.9826238053866203,0.9090909090909091,0.8695652173913043,0.9881819707906665,0.9687228496959166,0.8536585365853658,0.9130434782608695,0.9840828017458452,0.973501303214596,0.8721174004192872,0.9043478260869565,0.9873908846734933
51,0.9826238053866203,0.9090909090909091,0.8695652173913043,0.9881169212690951,0.9682884448305821,0.8519269776876268,0.9130434782608695,0.9841447037099211,0.9730668983492615,0.8702928870292888,0.9043478260869565,0.987300654691959
52,0.9821894005212859,0.9070294784580499,0.8695652173913043,0.9882575121705557,0.9687228496959166,0.8536585365853658,0.9130434782608695,0.9851875944267249,0.9730668983492615,0.8702928870292888,0.9043478260869565,0.9874811146550275
53,0.9826238053866203,0.9090909090909091,0.8695652173913043,0.9881672821890215,0.9691572545612511,0.8553971486761711,0.9130434782608695,0.9848308712439147,0.973501303214596,0.8721174004192872,0.9043478260869565,0.9873258351519222
54,0.9826238053866203,0.9090909090909091,0.8695652173913043,0.9881169212690953,0.9682884448305821,0.8519269776876268,0.9130434782608695,0.9848833305355045,0.973501303214596,0.8721174004192872,0.9043478260869565,0.9872943595769681
55,0.9826238053866203,0.9090909090909091,0.8695652173913043,0.9880329864025517,0.9682884448305821,0.8513238289205702,0.908695652173913,0.9845496894409937,0.973501303214596,0.8721174004192872,0.9043478260869565,0.9871222931005539
56,0.9830582102519548,0.9119638826185101,0.8782608695652174,0.9879469531643444,0.9682884448305821,0.8513238289205702,0.908695652173913,0.9843608359912708,0.973501303214596,0.8721174004192872,0.9043478260869565,0.9868872754742319
57,0.9826238053866203,0.9090909090909091,0.8695652173913043,0.9885575793184489,0.9691572545612511,0.8553971486761711,0.9130434782608695,0.9846923787141179,0.9730668983492615,0.8702928870292888,0.9043478260869565,0.9872544905153601
58,0.9821894005212859,0.9070294784580499,0.8695652173913043,0.9885554809467852,0.9695916594265855,0.8571428571428571,0.9130434782608695,0.9845035252643948,0.9739357080799305,0.8744769874476988,0.908695652173913,0.9871264898438811
59,0.9821894005212859,0.9070294784580499,0.8695652173913043,0.9884673493369146,0.9687228496959166,0.8530612244897959,0.908695652173913,0.9847322477757261,0.974370112945265,0.8763102725366876,0.908695652173913,0.9871076044989088
60,0.9830582102519548,0.9115646258503401,0.8739130434782608,0.988547087460131,0.9682884448305821,0.8507157464212679,0.9043478260869565,0.9848329696155784,0.974370112945265,0.8763102725366876,0.908695652173913,0.9871873426221252
61,0.9826238053866203,0.9090909090909091,0.8695652173913043,0.9885491858317945,0.9695916594265855,0.8571428571428571,0.9130434782608695,0.985513891220413,0.9739357080799305,0.8739495798319328,0.9043478260869565,0.98722511331207
62,0.9826238053866203,0.9090909090909091,0.8695652173913043,0.9884631525935874,0.9691572545612511,0.8548057259713702,0.908695652173913,0.9855726456269935,0.9739357080799305,0.8739495798319328,0.9043478260869565,0.9871705556488165
63,0.9826238053866203,0.9090909090909091,0.8695652173913043,0.9886394158133289,0.9695916594265855,0.8565573770491803,0.908695652173913,0.9855285798220581,0.9739357080799305,0.8739495798319328,0.9043478260869565,0.987311146550277
64,0.9830582102519548,0.9115646258503401,0.8739130434782608,0.9887065637065637,0.9704604691572546,0.860655737704918,0.9130434782608695,0.9854845140171227,0.974370112945265,0.8763102725366876,0.908695652173913,0.9873300318952494
65,0.9826238053866203,0.9090909090909091,0.8695652173913043,0.98859325163673,0.9700260642919201,0.8583162217659137,0.908695652173913,0.9853691035756253,0.9748045178105995,0.8781512605042017,0.908695652173913,0.987250293772033
66,0.9826238053866203,0.9090909090909091,0.8695652173913043,0.9886792848749372,0.970894874022589,0.8618556701030928,0.908695652173913,0.9854824156454591,0.974370112945265,0.8757894736842106,0.9043478260869565,0.9874244586201109
67,0.9830582102519548,0.9111617312072893,0.8695652173913043,0.9887946953164345,0.970894874022589,0.8618556701030928,0.908695652173913,0.9853082507973813,0.9752389226759339,0.879492600422833,0.9043478260869565,0.9872377035420514
68,0.9826238053866203,0.9090909090909091,0.8695652173913043,0.9887149571932181,0.970894874022589,0.8618556701030928,0.908695652173913,0.9851928403558837,0.9752389226759339,0.879492600422833,0.9043478260869565,0.9871789491354709
69,0.9821894005212859,0.9070294784580499,0.8695652173913043,0.9886855799899278,0.970894874022589,0.8618556701030928,0.908695652173913,0.9854299563538694,0.9752389226759339,0.88,0.908695652173913,0.9873384253819036
70,0.9830582102519548,0.9115646258503401,0.8739130434782608,0.9887107604498908,0.9721980886185926,0.8672199170124482,0.908695652173913,0.9851645123384254,0.9765421372719374,0.885593220338983,0.908695652173913,0.9872901628336411
71,0.9826238053866203,0.9095022624434389,0.8739130434782608,0.988654104414974,0.9717636837532581,0.865424430641822,0.908695652173913,0.9852400537183146,0.976107732406603,0.8837209302325582,0.908695652173913,0.9871705556488165
72,0.9821894005212859,0.90744920993228,0.8739130434782608,0.9887779083431258,0.972632493483927,0.8690228690228691,0.908695652173913,0.9854100218230653,0.9765421372719374,0.885593220338983,0.908695652173913,0.9874874097700185
73,0.9821894005212859,0.90744920993228,0.8739130434782608,0.9889059090146047,0.972632493483927,0.8690228690228691,0.908695652173913,0.9852904146382407,0.9769765421372719,0.8874734607218684,0.908695652173913,0.987449639080074
74,0.9821894005212859,0.90744920993228,0.8739130434782608,0.988924794359577,0.9730668983492615,0.8713692946058091,0.9130434782608695,0.9852967097532316,0.9769765421372719,0.8874734607218684,0.908695652173913,0.9874370488500923
75,0.9821894005212859,0.90744920993228,0.8739130434782608,0.9888954171562868,0.9730668983492615,0.8713692946058091,0.9130434782608695,0.985412120194729,0.9769765421372719,0.8874734607218684,0.908695652173913,0.9875251804599632
76,0.9826238053866203,0.9099099099099099,0.8782608695652174,0.9888975155279504,0.9739357080799305,0.875,0.9130434782608695,0.9853113983548767,0.9774109470026064,0.8893617021276595,0.908695652173913,0.9874664260533826
77,0.9821894005212859,0.90744920993228,0.8739130434782608,0.9889667617928488,0.9739357080799305,0.875,0.9130434782608695,0.9857142857142858,0.977845351867941,0.8912579957356077,0.908695652173913,0.9875251804599631
78,0.9826238053866203,0.9099099099099099,0.8782608695652174,0.9888975155279502,0.9748045178105995,0.8791666666666667,0.9173913043478261,0.9856933019976499,0.9782797567332754,0.8931623931623932,0.908695652173913,0.9874706227967098
79,0.9821894005212859,0.90744920993228,0.8739130434782608,0.9889709585361759,0.9748045178105995,0.8791666666666667,0.9173913043478261,0.9854834648312909,0.9782797567332754,0.8931623931623932,0.908695652173913,0.9874517374517374
80,0.9821894005212859,0.90744920993228,0.8739130434782608,0.9889478764478765,0.9748045178105995,0.8791666666666667,0.9173913043478261,0.9853890381064294,0.977845351867941,0.8912579957356077,0.908695652173913,0.9873824911868391
81,0.9821894005212859,0.90744920993228,0.8739130434782608,0.9889667617928487,0.974370112945265,0.8768267223382046,0.9130434782608695,0.9853260869565218,0.9782797567332754,0.8931623931623932,0.908695652173913,0.987474819540037
82,0.9821894005212859,0.90744920993228,0.8739130434782608,0.9889520731912036,0.9748045178105995,0.8786610878661087,0.9130434782608695,0.9851938895417156,0.9787141615986099,0.8955223880597015,0.9130434782608695,0.9874349504784289
83,0.9821894005212859,0.90744920993228,0.8739130434782608,0.989231156622461,0.9748045178105995,0.8791666666666667,0.9173913043478261,0.9852001846567064,0.977845351867941,0.8912579957356077,0.908695652173913,0.9876259022998153
84,0.9821894005212859,0.90744920993228,0.8739130434782608,0.9891556152425718,0.9748045178105995,0.8791666666666667,0.9173913043478261,0.985314545912372,0.9782797567332754,0.8936170212765957,0.9130434782608695,0.9875965250965251
85,0.9821894005212859,0.90744920993228,0.8739130434782608,0.9891745005875441,0.974370112945265,0.8768267223382046,0.9130434782608695,0.9853145459123719,0.977845351867941,0.8912579957356077,0.908695652173913,0.9875629511499077
86,0.9821894005212859,0.90744920993228,0.8739130434782608,0.9891262380392816,0.9752389226759339,0.8810020876826722,0.9173913043478261,0.9855380224945443,0.977845351867941,0.8912579957356077,0.908695652173913,0.9875881316098708
87,0.9821894005212859,0.90744920993228,0.8739130434782608,0.9890716803760282,0.9752389226759339,0.8810020876826722,0.9173913043478261,0.9853575625314756,0.977845351867941,0.8912579957356077,0.908695652173913,0.987382491186839
88,0.9821894005212859,0.90744920993228,0.8739130434782608,0.9891136478093,0.9756733275412685,0.8828451882845189,0.9173913043478261,0.9858024173241565,0.977845351867941,0.8912579957356077,0.908695652173913,0.9875902299815342
89,0.9821894005212859,0.90744920993228,0.8739130434782608,0.9890318113144201,0.9756733275412685,0.8828451882845189,0.9173913043478261,0.9860290414638242,0.977845351867941,0.8907922912205567,0.9043478260869565,0.9876112136981702
90,0.9830582102519548,0.9119638826185101,0.8782608695652174,0.9889772536511667,0.9756733275412685,0.8828451882845189,0.9173913043478261,0.9859241228806447,0.9782797567332754,0.8927038626609443,0.9043478260869565,0.9875608527782441
91,0.9830582102519548,0.9119638826185101,0.8782608695652174,0.9891682054725534,0.9756733275412685,0.8823529411764706,0.9130434782608695,0.985865368474064,0.9782797567332754,0.8927038626609443,0.9043478260869565,0.9876993453080409
92,0.9834926151172894,0.9140271493212669,0.8782608695652174,0.9891745005875441,0.9756733275412685,0.8823529411764706,0.9130434782608695,0.9860206479771698,0.977845351867941,0.8907922912205567,0.9043478260869565,0.9877203290246769
93,0.9834926151172894,0.9140271493212669,0.8782608695652174,0.989145123384254,0.9756733275412685,0.8823529411764706,0.9130434782608695,0.9859744838005708,0.9782797567332754,0.8927038626609443,0.9043478260869565,0.987688853449723
94,0.9834926151172894,0.9140271493212669,0.8782608695652174,0.9891220412959543,0.9756733275412685,0.8823529411764706,0.9130434782608695,0.9858548766157461,0.9782797567332754,0.8927038626609443,0.9043478260869565,0.987628000671479
95,0.9830582102519548,0.9115646258503401,0.8739130434782608,0.9890926640926642,0.9748045178105995,0.8781512605042017,0.908695652173913,0.9858317945274467,0.977845351867941,0.8907922912205567,0.9043478260869565,0.9876154104414974
96,0.9830582102519548,0.9115646258503401,0.8739130434782608,0.9889667617928487,0.974370112945265,0.8757894736842106,0.9043478260869565,0.985815007554138,0.9787141615986099,0.8946236559139785,0.9043478260869565,0.9875272788316267
97,0.9834926151172894,0.9136363636363637,0.8739130434782608,0.9888471546080242,0.974370112945265,0.8757894736842106,0.9043478260869565,0.9857982205808293,0.9787141615986099,0.8941684665226782,0.9,0.98741816350512
98,0.9826238053866203,0.9095022624434389,0.8739130434782608,0.9888387611213698,0.974370112945265,0.8757894736842106,0.9043478260869565,0.9859639919422528,0.9800173761946134,0.9004329004329005,0.9043478260869565,0.9875545576632533
99,0.9821894005212859,0.9070294784580499,0.8695652173913043,0.9889415813328857,0.9748045178105995,0.8771186440677966,0.9,0.985896844049018,0.9791485664639444,0.8961038961038961,0.9,0.9875440658049354
100,0.9821894005212859,0.90744920993228,0.8739130434782608,0.9889688601645124,0.9752389226759339,0.8789808917197452,0.9,0.9859849756588888,0.9791485664639444,0.8961038961038961,0.9,0.9875944267248614
101,0.9821894005212859,0.90744920993228,0.8739130434782608,0.9889751552795031,0.9752389226759339,0.8789808917197452,0.9,0.9858674668457277,0.9791485664639444,0.8956521739130435,0.8956521739130435,0.9875461641765989
102,0.9821894005212859,0.90744920993228,0.8739130434782608,0.9889415813328857,0.9756733275412685,0.8813559322033898,0.9043478260869565,0.9859178277656538,0.9791485664639444,0.8956521739130435,0.8956521739130435,0.9876007218398524
103,0.9821894005212859,0.90744920993228,0.8739130434782608,0.9889331878462312,0.9756733275412685,0.8813559322033898,0.9043478260869565,0.985789827094175,0.9791485664639444,0.8956521739130435,0.8956521739130435,0.9875482625482626
104,0.9821894005212859,0.90744920993228,0.8739130434782608,0.9888702366963237,0.976107732406603,0.8832271762208068,0.9043478260869565,0.9859262212523082,0.9791485664639444,0.8956521739130435,0.8956521739130435,0.9875209837166359
105,0.9826238053866203,0.9099099099099099,0.8782608695652174,0.9889373845895585,0.976107732406603,0.8832271762208068,0.9043478260869565,0.9860332382071513,0.9791485664639444,0.8956521739130435,0.8956521739130435,0.9875482625482626
106,0.9830582102519548,0.9119638826185101,0.8782608695652174,0.9888219741480611,0.976107732406603,0.8832271762208068,0.9043478260869565,0.9859618935705893,0.9791485664639444,0.8951965065502183,0.8913043478260869,0.9874811146550279
107,0.9826238053866203,0.9099099099099099,0.8782608695652174,0.9888660399529965,0.9756733275412685,0.8808510638297873,0.9,0.9859115326506631,0.9800173761946134,0.8991228070175439,0.8913043478260869,0.9875251804599631
108,0.9826238053866203,0.9095022624434389,0.8739130434782608,0.9888723350679873,0.976107732406603,0.8827292110874201,0.9,0.9859346147389626,0.9795829713292789,0.8971553610503282,0.8913043478260869,0.9875125902299815
109,0.9821894005212859,0.90744920993228,0.8739130434782608,0.9888450562363607,0.9769765421372719,0.8865096359743041,0.9,0.9859828772872251,0.9795829713292789,0.8971553610503282,0.8913043478260869,0.9875020983716636
110,0.9826238053866203,0.9095022624434389,0.8739130434782608,0.9887821050864529,0.9769765421372719,0.8865096359743041,0.9,0.9860919926137317,0.9791485664639444,0.8951965065502183,0.8913043478260869,0.9874790162833641
111,0.9826238053866203,0.9095022624434389,0.8739130434782608,0.9888219741480611,0.9765421372719374,0.8851063829787233,0.9043478260869565,0.9861171730736948,0.9787141615986099,0.8932461873638344,0.8913043478260869,0.9875692462648984
112,0.9830582102519548,0.9115646258503401,0.8739130434782608,0.9887422360248448,0.9774109470026064,0.8884120171673819,0.9,0.9861276649320128,0.9795829713292789,0.8971553610503282,0.8913043478260869,0.9875377706899446
113,0.9826238053866203,0.9095022624434389,0.8739130434782608,0.988668793016619,0.9774109470026064,0.8884120171673819,0.9,0.9861150747020312,0.9804517810599479,0.9015317286652079,0.8956521739130435,0.9874538358234011
114,0.9830582102519548,0.9115646258503401,0.8739130434782608,0.9885743662917577,0.9769765421372719,0.886021505376344,0.8956521739130435,0.9860290414638241,0.9804517810599479,0.9015317286652079,0.8956521739130435,0.9873279335235857
115,0.9826238053866203,0.9095022624434389,0.8739130434782608,0.9887548262548262,0.9769765421372719,0.886021505376344,0.8956521739130435,0.9860332382071513,0.9800173761946134,0.8991228070175439,0.8913043478260869,0.9874559341950646
116,0.9826238053866203,0.9095022624434389,0.8739130434782608,0.9886981702199095,0.9769765421372719,0.886021505376344,0.8956521739130435,0.9859493033406077,0.9800173761946134,0.8991228070175439,0.8913043478260869,0.9873950814168206
117,0.9830582102519548,0.9115646258503401,0.8739130434782608,0.9886373174416653,0.9765421372719374,0.8841201716738197,0.8956521739130435,0.9858800570757094,0.9800173761946134,0.8991228070175439,0.8913043478260869,0.9873237367802585
118,0.9826238053866203,0.9095022624434389,0.8739130434782608,0.988643612556656,0.9774109470026064,0.8879310344827587,0.8956521739130435,0.98572267920094,0.9800173761946134,0.8986784140969163,0.8869565217391304,0.9872943595769682
119,0.9826238053866203,0.9095022624434389,0.8739130434782608,0.9886268255833474,0.9769765421372719,0.886021505376344,0.8956521739130435,0.9856030720161155,0.9804517810599479,0.9006622516556292,0.8869565217391304,0.9872565888870237
120,0.9826238053866203,0.9095022624434389,0.8739130434782608,0.9886226288400202,0.9774109470026064,0.8879310344827587,0.8956521739130435,0.9855023501762633,0.9804517810599479,0.9002217294900222,0.8826086956521739,0.987193637737116
121,0.9830582102519548,0.9115646258503401,0.8739130434782608,0.9887800067147894,0.9769765421372719,0.8855291576673866,0.8913043478260869,0.9855569078395165,0.9804517810599479,0.9006622516556292,0.8869565217391304,0.9873237367802585
122,0.9826238053866203,0.9095022624434389,0.8739130434782608,0.9888177774047339,0.9769765421372719,0.8855291576673866,0.8913043478260869,0.9854750713446365,0.9804517810599479,0.9006622516556292,0.8869565217391304,0.9873363270102402
123,0.9826238053866203,0.9090909090909091,0.8695652173913043,0.9887653181131443,0.9774109470026064,0.8879310344827587,0.8956521739130435,0.9853512674164849,0.9800173761946134,0.8982300884955752,0.8826086956521739,0.9873048514352862
124,0.9830582102519548,0.9115646258503401,0.8739130434782608,0.9887422360248448,0.9769765421372719,0.8855291576673866,0.8913043478260869,0.9853030048682223,0.9804517810599479,0.9006622516556292,0.8869565217391304,0.9872859660903139
125,0.9830582102519548,0.9115646258503401,0.8739130434782608,0.9887338425381904,0.977845351867941,0.8898488120950324,0.8956521739130435,0.9853722511331208,0.9800173761946134,0.8982300884955752,0.8826086956521739,0.9872838677186503
126,0.9830582102519548,0.9115646258503401,0.8739130434782608,0.9887044653349002,0.9774109470026064,0.8879310344827587,0.8956521739130435,0.9855464159811986,0.9800173761946134,0.8982300884955752,0.8826086956521739,0.9873342286385763
127,0.9830582102519548,0.9115646258503401,0.8739130434782608,0.9887842034581166,0.9769765421372719,0.8855291576673866,0.8913043478260869,0.9854247104247105,0.9800173761946134,0.8982300884955752,0.8826086956521739,0.98733632701024
128,0.9830582102519548,0.9115646258503401,0.8739130434782608,0.9887023669632365,0.9769765421372719,0.8855291576673866,0.8913043478260869,0.9854100218230653,0.9804517810599479,0.9006622516556292,0.8869565217391304,0.9873384253819036
129,0.9826238053866203,0.9090909090909091,0.8695652173913043,0.9886855799899279,0.9769765421372719,0.8855291576673866,0.8913043478260869,0.9853470706731577,0.9804517810599479,0.9006622516556292,0.8869565217391304,0.9873027530636226
130,0.9817549956559514,0.9049773755656109,0.8695652173913043,0.9891682054725532,0.9769765421372719,0.8855291576673866,0.8913043478260869,0.985248447204969,0.9800173761946134,0.8982300884955752,0.8826086956521739,0.9876741648480778
131,0.9817549956559514,0.9049773755656109,0.8695652173913043,0.9890758771193555,0.9769765421372719,0.8855291576673866,0.8913043478260869,0.9852127748866879,0.9800173761946134,0.8982300884955752,0.8826086956521739,0.9876196071848246
132,0.9821894005212859,0.9070294784580499,0.8695652173913043,0.9890611885177102,0.9769765421372719,0.8855291576673866,0.8913043478260869,0.9851540204801075,0.9800173761946134,0.8982300884955752,0.8826086956521739,0.987617508813161
133,0.9821894005212859,0.9070294784580499,0.8695652173913043,0.9890297129427565,0.9774109470026064,0.8874458874458875,0.8913043478260869,0.984967265402048,0.9800173761946134,0.8982300884955752,0.8826086956521739,0.9875629511499077
134,0.9821894005212859,0.9070294784580499,0.8695652173913043,0.9891346315259358,0.977845351867941,0.8893709327548807,0.8913043478260869,0.9848350679872419,0.9800173761946134,0.8982300884955752,0.8826086956521739,0.9876552795031056
135,0.9830582102519548,0.9111617312072893,0.8695652173913043,0.9891283364109451,0.977845351867941,0.8893709327548807,0.8913043478260869,0.9848350679872421,0.9804517810599479,0.9002217294900222,0.8826086956521739,0.9876300990431426
136,0.9821894005212859,0.9070294784580499,0.8695652173913043,0.9891220412959544,0.977845351867941,0.8893709327548807,0.8913043478260869,0.9847805103239886,0.9804517810599479,0.9002217294900222,0.8826086956521739,0.9876154104414974
137,0.9830582102519548,0.9111617312072893,0.8695652173913043,0.9890653852610374,0.9774109470026064,0.8874458874458875,0.8913043478260869,0.9848518549605507,0.9800173761946134,0.8982300884955752,0.8826086956521739,0.987642689273124
138,0.9817549956559514,0.9049773755656109,0.8695652173913043,0.9890485982877288,0.9787141615986099,0.8932461873638344,0.8913043478260869,0.9847553298640256,0.9800173761946134,0.8982300884955752,0.8826086956521739,0.9876154104414975
139,0.9826238053866203,0.9090909090909091,0.8695652173913043,0.9890360080577472,0.9787141615986099,0.8932461873638344,0.8913043478260869,0.9848875272788316,0.9800173761946134,0.8982300884955752,0.8826086956521739,0.9876091153265066
140,0.9826238053866203,0.9090909090909091,0.8695652173913043,0.9890464999160652,0.977845351867941,0.8893709327548807,0.8913043478260869,0.984885428907168,0.9804517810599479,0.9002217294900222,0.8826086956521739,0.9876321974148061
141,0.9826238053866203,0.9090909090909091,0.8695652173913043,0.9891703038442169,0.9782797567332754,0.8913043478260869,0.8913043478260869,0.9849001175088132,0.9804517810599479,0.9002217294900222,0.8826086956521739,0.9877937720329024
142,0.9821894005212859,0.9070294784580499,0.8695652173913043,0.9891577136142354,0.9782797567332754,0.8913043478260869,0.8913043478260869,0.9848980191371496,0.9804517810599479,0.9002217294900222,0.8826086956521739,0.9877832801745845
143,0.9826238053866203,0.9090909090909091,0.8695652173913043,0.9891346315259358,0.9782797567332754,0.8913043478260869,0.8913043478260869,0.9848686419338594,0.9804517810599479,0.9002217294900222,0.8826086956521739,0.9877497062279671
144,0.9826238053866203,0.9090909090909091,0.8695652173913043,0.9890842706060097,0.9782797567332754,0.8913043478260869,0.8913043478260869,0.9848812321638409,0.9804517810599479,0.9002217294900222,0.8826086956521739,0.9877035420513681
145,0.9830582102519548,0.9111617312072893,0.8695652173913043,0.9891199429242907,0.9782797567332754,0.8913043478260869,0.8913043478260869,0.9849085109954675,0.9804517810599479,0.9002217294900222,0.8826086956521739,0.9877832801745845
146,0.9826238053866203,0.908675799086758,0.8652173913043478,0.9890527950310558,0.9782797567332754,0.8913043478260869,0.8913043478260869,0.9850365116669464,0.9804517810599479,0.9002217294900222,0.8826086956521739,0.9877497062279671
147,0.9834926151172894,0.91324200913242,0.8695652173913043,0.9890632868893737,0.9782797567332754,0.8913043478260869,0.8913043478260869,0.9850449051536009,0.9800173761946134,0.8982300884955752,0.8826086956521739,0.9877580997146215
148,0.9830582102519548,0.9107551487414187,0.8652173913043478,0.9890297129427563,0.9782797567332754,0.8913043478260869,0.8913043478260869,0.9849127077387947,0.9800173761946134,0.8982300884955752,0.8826086956521739,0.9877518045996306
149,0.9834926151172894,0.91324200913242,0.8695652173913043,0.9890381064294106,0.9782797567332754,0.8913043478260869,0.8913043478260869,0.9848539533322141,0.9800173761946134,0.8982300884955752,0.8826086956521739,0.9877161322813497
150,0.9834926151172894,0.91324200913242,0.8695652173913043,0.9889709585361759,0.9782797567332754,0.8913043478260869,0.8913043478260869,0.9847910021823066,0.9800173761946134,0.8982300884955752,0.8826086956521739,0.987653181131442
151,0.9830582102519548,0.9107551487414187,0.8652173913043478,0.9892038777908343,0.9782797567332754,0.8913043478260869,0.8913043478260869,0.984707067315763,0.9800173761946134,0.8982300884955752,0.8826086956521739,0.9878042638912204
152,0.9830582102519548,0.9107551487414187,0.8652173913043478,0.9891828940741985,0.9782797567332754,0.8913043478260869,0.8913043478260869,0.9846168373342287,0.9800173761946134,0.8982300884955752,0.8826086956521739,0.9878210508645292
153,0.9830582102519548,0.9107551487414187,0.8652173913043478,0.9891577136142353,0.9782797567332754,0.8913043478260869,0.8913043478260869,0.9846000503609199,0.9800173761946134,0.8982300884955752,0.8826086956521739,0.9877832801745845
154,0.9826238053866203,0.908675799086758,0.8652173913043478,0.9891304347826086,0.9782797567332754,0.8913043478260869,0.8913043478260869,0.9845035252643949,0.9800173761946134,0.8982300884955752,0.8826086956521739,0.9877392143696492
155,0.9826238053866203,0.908675799086758,0.8652173913043478,0.9891010575793184,0.9787141615986099,0.8932461873638344,0.8913043478260869,0.9844573610877958,0.9800173761946134,0.8982300884955752,0.8826086956521739,0.9876909518213867
156,0.9826238053866203,0.908675799086758,0.8652173913043478,0.9891241396676179,0.9782797567332754,0.8908296943231441,0.8869565217391304,0.9844300822561692,0.9800173761946134,0.8982300884955752,0.8826086956521739,0.9876762632197416
157,0.9830582102519548,0.9111617312072893,0.8695652173913043,0.9891136478093,0.977845351867941,0.888402625820569,0.8826086956521739,0.9843881148228975,0.9800173761946134,0.8982300884955752,0.8826086956521739,0.98766367298976
158,0.9830582102519548,0.9111617312072893,0.8695652173913043,0.9890611885177103,0.977845351867941,0.888402625820569,0.8826086956521739,0.9844070001678698,0.9795829713292789,0.8962472406181016,0.8826086956521739,0.9876384925297967
159,0.9826238053866203,0.908675799086758,0.8652173913043478,0.9889940406244754,0.9782797567332754,0.8903508771929824,0.8826086956521739,0.9845098203793856,0.9791485664639444,0.8942731277533039,0.8826086956521739,0.9876259022998153
160,0.9830582102519548,0.9111617312072893,0.8695652173913043,0.9889772536511666,0.9782797567332754,0.8903508771929824,0.8826086956521739,0.9845056236360584,0.9795829713292789,0.8962472406181016,0.8826086956521739,0.9876154104414974
161,0.9830582102519548,0.9111617312072893,0.8695652173913043,0.988960466677858,0.977845351867941,0.888402625820569,0.8826086956521739,0.9844049017962062,0.9800173761946134,0.8982300884955752,0.8826086956521739,0.9876028202115158
162,0.9830582102519548,0.9111617312072893,0.8695652173913043,0.988878630182978,0.9782797567332754,0.8903508771929824,0.8826086956521739,0.9843881148228975,0.9795829713292789,0.8962472406181016,0.8826086956521739,0.9875860332382072
163,0.9826238053866203,0.908675799086758,0.8652173913043478,0.9888576464663421,0.9787141615986099,0.8927789934354485,0.8869565217391304,0.9843923115662246,0.9800173761946134,0.8982300884955752,0.8826086956521739,0.987571344636562
164,0.9834926151172894,0.91324200913242,0.8695652173913043,0.9889331878462313,0.9787141615986099,0.8927789934354485,0.8869565217391304,0.984365032734598,0.9804517810599479,0.9002217294900222,0.8826086956521739,0.987617508813161
165,0.9826238053866203,0.908675799086758,0.8652173913043478,0.9890947624643277,0.9791485664639444,0.8947368421052632,0.8869565217391304,0.9843587376196072,0.9795829713292789,0.8962472406181016,0.8826086956521739,0.9877874769179117
166,0.9834926151172894,0.91324200913242,0.8695652173913043,0.9890905657210004,0.9791485664639444,0.8947368421052632,0.8869565217391304,0.9842559174080913,0.9800173761946134,0.8982300884955752,0.8826086956521739,0.9878105590062113
167,0.9834926151172894,0.91324200913242,0.8695652173913043,0.9890569917743831,0.9791485664639444,0.8947368421052632,0.8869565217391304,0.9843167701863355,0.9800173761946134,0.8982300884955752,0.8826086956521739,0.9878021655195569
168,0.9826238053866203,0.908675799086758,0.8652173913043478,0.9890548934027196,0.9791485664639444,0.8947368421052632,0.8869565217391304,0.9842873929830451,0.9804517810599479,0.9002217294900222,0.8826086956521739,0.9877518045996307
169,0.9826238053866203,0.908675799086758,0.8652173913043478,0.9890569917743831,0.9791485664639444,0.8947368421052632,0.8869565217391304,0.9843062783280175,0.9804517810599479,0.9002217294900222,0.8826086956521739,0.9877727883162666
170,0.9821894005212859,0.9066059225512528,0.8652173913043478,0.9892311566224609,0.9791485664639444,0.8947368421052632,0.8869565217391304,0.984258015779755,0.9804517810599479,0.9002217294900222,0.8826086956521739,0.987934362934363
171,0.9826238053866203,0.908256880733945,0.8608695652173913,0.989348665435622,0.9787141615986099,0.8923076923076924,0.8826086956521739,0.9842433271781098,0.9804517810599479,0.9002217294900222,0.8826086956521739,0.988030888030888
172,0.9821894005212859,0.9061784897025171,0.8608695652173913,0.9893129931173409,0.9787141615986099,0.8923076923076924,0.8826086956521739,0.9842559174080913,0.9800173761946134,0.8982300884955752,0.8826086956521739,0.9880015108275978
173,0.9826238053866203,0.908675799086758,0.8652173913043478,0.9892815175423872,0.9787141615986099,0.8923076923076924,0.8826086956521739,0.9841929662581835,0.9804517810599479,0.9002217294900222,0.8826086956521739,0.9879868222259527
174,0.9826238053866203,0.908675799086758,0.8652173913043478,0.9892710256840692,0.9791485664639444,0.8947368421052632,0.8869565217391304,0.9842454255497735,0.9800173761946134,0.8982300884955752,0.8826086956521739,0.9879868222259527
175,0.9821894005212859,0.9061784897025171,0.8608695652173913,0.9894200100721839,0.9791485664639444,0.8947368421052632,0.8869565217391304,0.9842034581165016,0.9800173761946134,0.8982300884955752,0.8826086956521739,0.9881693805606849
176,0.9821894005212859,0.9061784897025171,0.8608695652173913,0.9894263051871748,0.9791485664639444,0.8947368421052632,0.8869565217391304,0.9841468020815847,0.9804517810599479,0.9002217294900222,0.8826086956521739,0.9881483968440491
177,0.9821894005212859,0.9061784897025171,0.8608695652173913,0.9896277488668793,0.9791485664639444,0.8947368421052632,0.8869565217391304,0.9839936209501426,0.9800173761946134,0.8982300884955752,0.8826086956521739,0.9883267584354541
178,0.9817549956559514,0.9041095890410958,0.8608695652173913,0.9895878798052711,0.9791485664639444,0.8947368421052632,0.8869565217391304,0.9839747356051705,0.9800173761946134,0.8982300884955752,0.8826086956521739,0.9883183649487997
179,0.9817549956559514,0.9041095890410958,0.8608695652173913,0.98963404398187,0.9787141615986099,0.8927789934354485,0.8869565217391304,0.9839705388618433,0.9800173761946134,0.8982300884955752,0.8826086956521739,0.9883750209837167
180,0.9817549956559514,0.9041095890410958,0.8608695652173913,0.9896508309551787,0.9787141615986099,0.8927789934354485,0.8869565217391304,0.9839138828269263,0.9804517810599479,0.9002217294900222,0.8826086956521739,0.98834774215209
181,0.9817549956559514,0.9045454545454545,0.8652173913043478,0.9896256504952158,0.9787141615986099,0.8927789934354485,0.8869565217391304,0.9838782105086453,0.9804517810599479,0.9002217294900222,0.8826086956521739,0.9883435454087628
182,0.9817549956559514,0.9041095890410958,0.8608695652173913,0.9895836830619439,0.9791485664639444,0.8947368421052632,0.8869565217391304,0.9837082424038948,0.9804517810599479,0.9002217294900222,0.8826086956521739,0.988276397515528
183,0.9821894005212859,0.9066059225512528,0.8652173913043478,0.989562699345308,0.9787141615986099,0.8927789934354485,0.8869565217391304,0.983706144032231,0.9804517810599479,0.9002217294900222,0.8826086956521739,0.9882512170555648
184,0.9817549956559514,0.9041095890410958,0.8608695652173913,0.9895039449387275,0.9791485664639444,0.8947368421052632,0.8869565217391304,0.9836515863689778,0.9804517810599479,0.9002217294900222,0.8826086956521739,0.9882386268255834
185,0.9821894005212859,0.9066059225512528,0.8652173913043478,0.9895060433103912,0.9787141615986099,0.8927789934354485,0.8869565217391304,0.983716635890549,0.9804517810599479,0.9002217294900222,0.8826086956521739,0.9882239382239383
186,0.9821894005212859,0.9061784897025171,0.8608695652173913,0.9894409937888199,0.9791485664639444,0.8947368421052632,0.8869565217391304,0.9836389961389962,0.9804517810599479,0.9002217294900222,0.8826086956521739,0.9881798724190028
187,0.9817549956559514,0.9041095890410958,0.8608695652173913,0.989587879805271,0.9795829713292789,0.8967032967032967,0.8869565217391304,0.9836012254490516,0.9804517810599479,0.9002217294900222,0.8826086956521739,0.9882575121705557
188,0.9821894005212859,0.9061784897025171,0.8608695652173913,0.9895459123719993,0.9795829713292789,0.8967032967032967,0.8869565217391304,0.9836264059090146,0.9804517810599479,0.9002217294900222,0.8826086956521739,0.9882365284539197
189,0.9817549956559514,0.9041095890410958,0.8608695652173913,0.989598371663589,0.9795829713292789,0.8967032967032967,0.8869565217391304,0.9835949303340608,0.9804517810599479,0.9002217294900222,0.8826086956521739,0.9883120698338089
190,0.9821894005212859,0.9061784897025171,0.8608695652173913,0.9896466342118515,0.9795829713292789,0.8967032967032967,0.8869565217391304,0.9836033238207152,0.9804517810599479,0.9002217294900222,0.8826086956521739,0.9883498405237536
191,0.9821894005212859,0.9061784897025171,0.8608695652173913,0.9896130602652341,0.9795829713292789,0.8967032967032967,0.8869565217391304,0.9835970287057244,0.9804517810599479,0.9002217294900222,0.8826086956521739,0.988326758435454
192,0.9821894005212859,0.9061784897025171,0.8608695652173913,0.9896466342118516,0.9795829713292789,0.8967032967032967,0.8869565217391304,0.9835718482457613,0.9804517810599479,0.9002217294900222,0.8826086956521739,0.9883456437804263
193,0.9830582102519548,0.9107551487414187,0.8652173913043478,0.9896130602652341,0.9795829713292789,0.8967032967032967,0.8869565217391304,0.9835382742991439,0.9804517810599479,0.9002217294900222,0.8826086956521739,0.9883288568071177
194,0.9826238053866203,0.908256880733945,0.8608695652173913,0.9896319456102065,0.9795829713292789,0.8967032967032967,0.8869565217391304,0.9834858150075542,0.9804517810599479,0.9002217294900222,0.8826086956521739,0.9883288568071177
195,0.9830582102519548,0.9107551487414187,0.8652173913043478,0.9896046667785797,0.9795829713292789,0.8967032967032967,0.8869565217391304,0.9833976833976835,0.9804517810599479,0.9002217294900222,0.8826086956521739,0.9883288568071177
196,0.9830582102519548,0.9107551487414187,0.8652173913043478,0.9895459123719993,0.9795829713292789,0.8967032967032967,0.8869565217391304,0.9834291589726373,0.9804517810599479,0.9002217294900222,0.8826086956521739,0.9882701024005373
197,0.9830582102519548,0.9107551487414187,0.8652173913043478,0.9896844049017962,0.9795829713292789,0.8967032967032967,0.8869565217391304,0.9833787980527111,0.9804517810599479,0.9002217294900222,0.8826086956521739,0.9884232835319792
198,0.9830582102519548,0.9107551487414187,0.8652173913043478,0.9897536511666948,0.9795829713292789,0.8967032967032967,0.8869565217391304,0.9833011583011584,0.9804517810599479,0.9002217294900222,0.8826086956521739,0.9884946281685412
199,0.9830582102519548,0.9107551487414187,0.8652173913043478,0.9897221755917408,0.9795829713292789,0.8967032967032967,0.8869565217391304,0.983267584354541,0.9804517810599479,0.9002217294900222,0.8826086956521739,0.9884778411952325
200,0.9830582102519548,0.9107551487414187,0.8652173913043478,0.989711683733423,0.9795829713292789,0.8967032967032967,0.8869565217391304,0.983292764814504,0.9808861859252823,0.9026548672566371,0.8869565217391304,0.9884589558502602
201,0.9830582102519548,0.9107551487414187,0.8652173913043478,0.9897851267416485,0.9795829713292789,0.8967032967032967,0.8869565217391304,0.983257092496223,0.9808861859252823,0.9026548672566371,0.8869565217391304,0.9885365956018131
202,0.9830582102519548,0.9107551487414187,0.8652173913043478,0.9897788316266577,0.9795829713292789,0.8967032967032967,0.8869565217391304,0.9831668625146885,0.9808861859252823,0.9026548672566371,0.8869565217391304,0.988526103743495
203,0.9830582102519548,0.9107551487414187,0.8652173913043478,0.9898145039449386,0.9795829713292789,0.8967032967032967,0.8869565217391304,0.983164764143025,0.9808861859252823,0.9026548672566371,0.8869565217391304,0.9885638744334396
204,0.9830582102519548,0.9107551487414187,0.8652173913043478,0.9898207990599295,0.9795829713292789,0.8967032967032967,0.8869565217391304,0.9830808292764814,0.9808861859252823,0.9026548672566371,0.8869565217391304,0.9885617760617761
205,0.9834926151172894,0.9128440366972477,0.8652173913043478,0.9897788316266577,0.9795829713292789,0.8967032967032967,0.8869565217391304,0.9832025348329697,0.9808861859252823,0.9026548672566371,0.8869565217391304,0.9885638744334396
206,0.9834926151172894,0.9128440366972477,0.8652173913043478,0.9898291925465839,0.9795829713292789,0.8967032967032967,0.8869565217391304,0.983225616921269,0.9808861859252823,0.9026548672566371,0.8869565217391304,0.9886142353533658
207,0.9834926151172894,0.9128440366972477,0.8652173913043478,0.9898249958032566,0.9795829713292789,0.8967032967032967,0.8869565217391304,0.9831416820547256,0.9808861859252823,0.9026548672566371,0.8869565217391304,0.9885869565217391
208,0.9834926151172894,0.9128440366972477,0.8652173913043478,0.9898396844049018,0.9795829713292789,0.8967032967032967,0.8869565217391304,0.9830808292764814,0.9808861859252823,0.9026548672566371,0.8869565217391304,0.9886331206983381
209,0.9834926151172894,0.91324200913242,0.8695652173913043,0.9898019137149572,0.9795829713292789,0.8967032967032967,0.8869565217391304,0.9830745341614907,0.9808861859252823,0.9026548672566371,0.8869565217391304,0.9886121369817022
210,0.9834926151172894,0.9128440366972477,0.8652173913043478,0.9897872251133121,0.9795829713292789,0.8967032967032967,0.8869565217391304,0.9829570253483296,0.9808861859252823,0.9026548672566371,0.8869565217391304,0.9886058418667114
211,0.9839270199826238,0.9153318077803204,0.8695652173913043,0.9898249958032567,0.9795829713292789,0.8967032967032967,0.8869565217391304,0.9829528286050025,0.9808861859252823,0.9026548672566371,0.8869565217391304,0.9886268255833474
212,0.9830582102519548,0.9107551487414187,0.8652173913043478,0.9898270941749203,0.9795829713292789,0.8967032967032967,0.8869565217391304,0.9829822058082928,0.9808861859252823,0.9026548672566371,0.8869565217391304,0.9886708913882827
213,0.9834926151172894,0.9128440366972477,0.8652173913043478,0.9898270941749203,0.9795829713292789,0.8967032967032967,0.8869565217391304,0.9828751888534497,0.9808861859252823,0.9026548672566371,0.8869565217391304,0.9887044653349001
214,0.9834926151172894,0.9128440366972477,0.8652173913043478,0.9898228974315931,0.9795829713292789,0.8967032967032967,0.8869565217391304,0.9828793855967769,0.9808861859252823,0.9026548672566371,0.8869565217391304,0.9886960718482458
215,0.9834926151172894,0.9128440366972477,0.8652173913043478,0.9897851267416484,0.9795829713292789,0.8967032967032967,0.8869565217391304,0.9828164344468692,0.9808861859252823,0.9026548672566371,0.8869565217391304,0.9886457109283197
216,0.9834926151172894,0.9128440366972477,0.8652173913043478,0.9898061104582845,0.9795829713292789,0.8967032967032967,0.8869565217391304,0.9828206311901965,0.9808861859252823,0.9026548672566371,0.8869565217391304,0.9887128588215546
217,0.9834926151172894,0.9128440366972477,0.8652173913043478,0.9898375860332382,0.9795829713292789,0.8967032967032967,0.8869565217391304,0.9828143360752056,0.9808861859252823,0.9026548672566371,0.8869565217391304,0.9887212523082088
218,0.9839270199826238,0.9153318077803204,0.8695652173913043,0.9898711599798556,0.9795829713292789,0.8967032967032967,0.8869565217391304,0.9827912539869063,0.9808861859252823,0.9026548672566371,0.8869565217391304,0.9887380392815176
219,0.9834926151172894,0.9128440366972477,0.8652173913043478,0.9898166023166023,0.9800173761946134,0.8986784140969163,0.8869565217391304,0.9827765653852611,0.9808861859252823,0.9026548672566371,0.8869565217391304,0.9887191539365452
220,0.9839270199826238,0.9153318077803204,0.8695652173913043,0.9898207990599295,0.9800173761946134,0.8986784140969163,0.8869565217391304,0.9828332214201779,0.9808861859252823,0.9026548672566371,0.8869565217391304,0.9887359409098541
221,0.9839270199826238,0.9153318077803204,0.8695652173913043,0.9899131274131275,0.9800173761946134,0.8986784140969163,0.8869565217391304,0.9828542051368139,0.9808861859252823,0.9026548672566371,0.8869565217391304,0.9887904985731073
222,0.9839270199826238,0.9153318077803204,0.8695652173913043,0.9898816518381736,0.9800173761946134,0.8986784140969163,0.8869565217391304,0.9828500083934867,0.9808861859252823,0.9026548672566371,0.8869565217391304,0.9888051871747524
223,0.9839270199826238,0.9153318077803204,0.8695652173913043,0.9898837502098372,0.9800173761946134,0.8986784140969163,0.8869565217391304,0.9827702702702702,0.9808861859252823,0.9026548672566371,0.8869565217391304,0.9887946953164344
224,0.9839270199826238,0.9153318077803204,0.8695652173913043,0.9898606681215377,0.9800173761946134,0.8986784140969163,0.8869565217391304,0.9827555816686252,0.9808861859252823,0.9026548672566371,0.8869565217391304,0.9887674164848077
225,0.9839270199826238,0.9153318077803204,0.8695652173913043,0.9898312909182474,0.9800173761946134,0.8986784140969163,0.8869565217391304,0.9827618767836158,0.9808861859252823,0.9026548672566371,0.8869565217391304,0.9887443343965083
226,0.9834926151172894,0.91324200913242,0.8695652173913043,0.9898019137149572,0.9800173761946134,0.8986784140969163,0.8869565217391304,0.982705220748699,0.9808861859252823,0.9026548672566371,0.8869565217391304,0.9887212523082088
227,0.9834926151172894,0.9128440366972477,0.8652173913043478,0.9897851267416484,0.9800173761946134,0.8986784140969163,0.8869565217391304,0.9826275809971462,0.9808861859252823,0.9026548672566371,0.8869565217391304,0.9887338425381904
228,0.9830582102519548,0.9107551487414187,0.8652173913043478,0.9897536511666947,0.9800173761946134,0.8986784140969163,0.8869565217391304,0.9826590565721002,0.9808861859252823,0.9026548672566371,0.8869565217391304,0.9887128588215545
229,0.9834926151172894,0.9128440366972477,0.8652173913043478,0.9897347658217224,0.9800173761946134,0.8986784140969163,0.8869565217391304,0.9826296793688097,0.9808861859252823,0.9026548672566371,0.8869565217391304,0.9886771865032734
230,0.9834926151172894,0.91324200913242,0.8695652173913043,0.9897431593083766,0.9800173761946134,0.8986784140969163,0.8869565217391304,0.9826065972805104,0.9808861859252823,0.9026548672566371,0.8869565217391304,0.9887065637065637
231,0.9834926151172894,0.9128440366972477,0.8652173913043478,0.9897557495383582,0.9800173761946134,0.8986784140969163,0.8869565217391304,0.9825415477589391,0.9808861859252823,0.9026548672566371,0.8869565217391304,0.9886876783615914
232,0.9834926151172894,0.9128440366972477,0.8652173913043478,0.9897326674500587,0.9800173761946134,0.8986784140969163,0.8869565217391304,0.9825478428739298,0.9808861859252823,0.9026548672566371,0.8869565217391304,0.9886708913882827
233,0.9834926151172894,0.9128440366972477,0.8652173913043478,0.9897599462816854,0.9800173761946134,0.8986784140969163,0.8869565217391304,0.9825142689273124,0.9808861859252823,0.9026548672566371,0.8869565217391304,0.9887002685915729
234,0.9834926151172894,0.9128440366972477,0.8652173913043478,0.9897410609367131,0.9800173761946134,0.8986784140969163,0.8869565217391304,0.9825457445022663,0.9808861859252823,0.9026548672566371,0.8869565217391304,0.9887002685915729
235,0.9834926151172894,0.9128440366972477,0.8652173913043478,0.9897473560517039,0.9800173761946134,0.8986784140969163,0.8869565217391304,0.982445022662414,0.9808861859252823,0.9026548672566371,0.8869565217391304,0.9886855799899278
236,0.9834926151172894,0.9128440366972477,0.8652173913043478,0.9897095853617592,0.9800173761946134,0.8986784140969163,0.8869565217391304,0.982327513849253,0.9808861859252823,0.9026548672566371,0.8869565217391304,0.9886855799899279
237,0.9834926151172894,0.9128440366972477,0.8652173913043478,0.9896823065301326,0.9800173761946134,0.8986784140969163,0.8869565217391304,0.9823422024508982,0.9808861859252823,0.9026548672566371,0.8869565217391304,0.9886918751049187
238,0.9834926151172894,0.9128440366972477,0.8652173913043478,0.9896886016451235,0.9800173761946134,0.8986784140969163,0.8869565217391304,0.982338005707571,0.9808861859252823,0.9026548672566371,0.8869565217391304,0.9887317441665268
239,0.9834926151172894,0.9128440366972477,0.8652173913043478,0.9896718146718146,0.9800173761946134,0.8986784140969163,0.8869565217391304,0.9823862682558335,0.9808861859252823,0.9026548672566371,0.8869565217391304,0.9887149571932181
240,0.9834926151172894,0.9128440366972477,0.8652173913043478,0.9896319456102064,0.9800173761946134,0.8986784140969163,0.8869565217391304,0.9823967601141514,0.9808861859252823,0.9026548672566371,0.8869565217391304,0.9886939734765822
241,0.9834926151172894,0.9128440366972477,0.8652173913043478,0.9896298472385429,0.9800173761946134,0.8986784140969163,0.8869565217391304,0.9822960382742992,0.9808861859252823,0.9026548672566371,0.8869565217391304,0.9886687930166191
242,0.9834926151172894,0.9128440366972477,0.8652173913043478,0.9896046667785798,0.9800173761946134,0.8986784140969163,0.8869565217391304,0.9823233171059259,0.9808861859252823,0.9026548672566371,0.8869565217391304,0.988643612556656
243,0.9830582102519548,0.9107551487414187,0.8652173913043478,0.9895668960886352,0.9800173761946134,0.8986784140969163,0.8869565217391304,0.9822225952660736,0.9808861859252823,0.9026548672566371,0.8869565217391304,0.9886121369817024
244,0.9834926151172894,0.9128440366972477,0.8652173913043478,0.9895543058586538,0.9800173761946134,0.8986784140969163,0.8869565217391304,0.9821323652845392,0.9808861859252823,0.9026548672566371,0.8869565217391304,0.9886163337250293
245,0.9830582102519548,0.9107551487414187,0.8652173913043478,0.9895333221420177,0.9800173761946134,0.8986784140969163,0.8869565217391304,0.982128168541212,0.9808861859252823,0.9026548672566371,0.8869565217391304,0.9886100386100387
246,0.9830582102519548,0.9107551487414187,0.8652173913043478,0.9895878798052711,0.9800173761946134,0.8986784140969163,0.8869565217391304,0.9821218734262213,0.9808861859252823,0.9026548672566371,0.8869565217391304,0.9886310223266745
247,0.9834926151172894,0.9128440366972477,0.8652173913043478,0.9895962732919255,0.9800173761946134,0.8986784140969163,0.8869565217391304,0.9820379385596776,0.9808861859252823,0.9026548672566371,0.8869565217391304,0.9886457109283197
248,0.9830582102519548,0.9107551487414187,0.8652173913043478,0.9895710928319624,0.9800173761946134,0.8986784140969163,0.8869565217391304,0.9819686922947793,0.9808861859252823,0.9026548672566371,0.8869565217391304,0.9886583011583011
249,0.9830582102519548,0.9107551487414187,0.8652173913043478,0.9896109618935706,0.9800173761946134,0.8986784140969163,0.8869565217391304,0.981888954171563,0.9808861859252823,0.9026548672566371,0.8869565217391304,0.9886918751049186
250,0.9830582102519548,0.9107551487414187,0.8652173913043478,0.9896277488668793,0.9800173761946134,0.8986784140969163,0.8869565217391304,0.981842789994964,0.9808861859252823,0.9026548672566371,0.8869565217391304,0.9887233506798724
251,0.9830582102519548,0.9107551487414187,0.8652173913043478,0.989644535840188,0.9800173761946134,0.8986784140969163,0.8869565217391304,0.9817126909518215,0.9808861859252823,0.9026548672566371,0.8869565217391304,0.9887191539365452
252,0.9830582102519548,0.9107551487414187,0.8652173913043478,0.9896172570085614,0.9800173761946134,0.8986784140969163,0.8869565217391304,0.9816434446869229,0.9808861859252823,0.9026548672566371,0.8869565217391304,0.9886939734765823
253,0.9830582102519548,0.9107551487414187,0.8652173913043478,0.9896214537518885,0.9800173761946134,0.8986784140969163,0.8869565217391304,0.9815846902803426,0.9813205907906168,0.9046563192904656,0.8869565217391304,0.9887044653349002
254,0.9834926151172894,0.9128440366972477,0.8652173913043478,0.9895689944602989,0.9800173761946134,0.8986784140969163,0.8869565217391304,0.9815532147053887,0.9808861859252823,0.9026548672566371,0.8869565217391304,0.9886834816182641
255,0.9834926151172894,0.9128440366972477,0.8652173913043478,0.9895333221420178,0.9800173761946134,0.8986784140969163,0.8869565217391304,0.9815112472721168,0.9808861859252823,0.9026548672566371,0.8869565217391304,0.988654104414974
256,0.9834926151172894,0.9128440366972477,0.8652173913043478,0.9895249286553636,0.9800173761946134,0.8986784140969163,0.8869565217391304,0.9814755749538357,0.9808861859252823,0.9026548672566371,0.8869565217391304,0.9886478092999832
257,0.9830582102519548,0.9107551487414187,0.8652173913043478,0.9895480107436628,0.9800173761946134,0.8986784140969163,0.8869565217391304,0.9814147221755918,0.9808861859252823,0.9026548672566371,0.8869565217391304,0.9886583011583011
258,0.9834926151172894,0.9128440366972477,0.8652173913043478,0.9895375188853449,0.9800173761946134,0.8986784140969163,0.8869565217391304,0.9813790498573108,0.9808861859252823,0.9026548672566371,0.8869565217391304,0.9886499076716468
259,0.9830582102519548,0.9107551487414187,0.8652173913043478,0.9895102400537183,0.9800173761946134,0.8986784140969163,0.8869565217391304,0.9813895417156286,0.9817549956559514,0.9066666666666666,0.8869565217391304,0.9886226288400202
260,0.9830582102519548,0.9107551487414187,0.8652173913043478,0.9894703709921101,0.9800173761946134,0.8986784140969163,0.8869565217391304,0.9813559677690114,0.9817549956559514,0.9066666666666666,0.8869565217391304,0.988603743495048
261,0.9830582102519548,0.9107551487414187,0.8652173913043478,0.9895081416820547,0.9800173761946134,0.8986784140969163,0.8869565217391304,0.9813664596273292,0.9817549956559514,0.9066666666666666,0.8869565217391304,0.9886100386100386
262,0.9830582102519548,0.9107551487414187,0.8652173913043478,0.9894577807621286,0.9795829713292789,0.8967032967032967,0.8869565217391304,0.9813979352022831,0.9813205907906168,0.9046563192904656,0.8869565217391304,0.9885596776901124
263,0.9830582102519548,0.9107551487414187,0.8652173913043478,0.9894388954171563,0.9795829713292789,0.8967032967032967,0.8869565217391304,0.9814461977505456,0.9813205907906168,0.9046563192904656,0.8869565217391304,0.9885806614067484
264,0.9830582102519548,0.9107551487414187,0.8652173913043478,0.9894808628504281,0.9795829713292789,0.8967032967032967,0.8869565217391304,0.981479771697163,0.9813205907906168,0.9046563192904656,0.8869565217391304,0.9886247272116837
265,0.9830582102519548,0.9107551487414187,0.8652173913043478,0.9894892563370824,0.9795829713292789,0.8967032967032967,0.8869565217391304,0.9814503944938727,0.9813205907906168,0.9046563192904656,0.8869565217391304,0.9886541044149739
266,0.9830582102519548,0.9107551487414187,0.8652173913043478,0.9894745677354373,0.9795829713292789,0.8967032967032967,0.8869565217391304,0.9814629847238543,0.9813205907906168,0.9046563192904656,0.8869565217391304,0.9886499076716468
267,0.9830582102519548,0.9107551487414187,0.8652173913043478,0.9894661742487829,0.9795829713292789,0.8967032967032967,0.8869565217391304,0.9814168205472554,0.9808861859252823,0.9026548672566371,0.8869565217391304,0.9886415141849925
268,0.9830582102519548,0.9107551487414187,0.8652173913043478,0.9896067651502434,0.9795829713292789,0.8967032967032967,0.8869565217391304,0.9814126238039281,0.9813205907906168,0.9046563192904656,0.8869565217391304,0.9887485311398354
269,0.9834926151172894,0.9128440366972477,0.8652173913043478,0.9895941749202618,0.9800173761946134,0.8986784140969163,0.8869565217391304,0.9814399026355549,0.9813205907906168,0.9046563192904656,0.8869565217391304,0.9887527278831626
270,0.9834926151172894,0.9128440366972477,0.8652173913043478,0.9895689944602988,0.9804517810599479,0.9006622516556292,0.8869565217391304,0.9813664596273293,0.9817549956559514,0.9066666666666666,0.8869565217391304,0.9887401376531811
271,0.9834926151172894,0.9128440366972477,0.8652173913043478,0.9895689944602989,0.9800173761946134,0.8986784140969163,0.8869565217391304,0.981397935202283,0.9817549956559514,0.9066666666666666,0.8869565217391304,0.9887380392815175
272,0.9830582102519548,0.9103448275862069,0.8608695652173913,0.9895522074869901,0.9800173761946134,0.8986784140969163,0.8869565217391304,0.9813119019640758,0.9817549956559514,0.9066666666666666,0.8869565217391304,0.9887317441665268
273,0.9830582102519548,0.9107551487414187,0.8652173913043478,0.9895249286553635,0.9800173761946134,0.8986784140969163,0.8869565217391304,0.9812783280174584,0.9817549956559514,0.9066666666666666,0.8869565217391304,0.9887149571932181
274,0.9830582102519548,0.9107551487414187,0.8652173913043478,0.9894976498237369,0.9800173761946134,0.8986784140969163,0.8869565217391304,0.9813056068490851,0.9817549956559514,0.9066666666666666,0.8869565217391304,0.9886897767332551
275,0.9834926151172894,0.9128440366972477,0.8652173913043478,0.9894577807621286,0.9800173761946134,0.8986784140969163,0.8869565217391304,0.9811314420010071,0.9817549956559514,0.9066666666666666,0.8869565217391304,0.9886666946449556
276,0.9830582102519548,0.9103448275862069,0.8608695652173913,0.9894472889038107,0.9800173761946134,0.8986784140969163,0.8869565217391304,0.9811041631693805,0.9817549956559514,0.9066666666666666,0.8869565217391304,0.9886666946449556
277,0.9830582102519548,0.9103448275862069,0.8608695652173913,0.989434698673829,0.9800173761946134,0.8986784140969163,0.8869565217391304,0.9810433103911365,0.9813205907906168,0.9046563192904656,0.8869565217391304,0.9886415141849925
278,0.9830582102519548,0.9103448275862069,0.8608695652173913,0.9894640758771193,0.9800173761946134,0.8986784140969163,0.8869565217391304,0.9810181299311734,0.9817549956559514,0.9066666666666666,0.8869565217391304,0.9886583011583011
279,0.9826238053866203,0.908256880733945,0.8608695652173913,0.9894619775054557,0.9800173761946134,0.8986784140969163,0.8869565217391304,0.9809824576128924,0.9817549956559514,0.9066666666666666,0.8869565217391304,0.9886499076716468
280,0.9830582102519548,0.9103448275862069,0.8608695652173913,0.9894263051871748,0.9800173761946134,0.8986784140969163,0.8869565217391304,0.980953080409602,0.9817549956559514,0.9066666666666666,0.8869565217391304,0.9886247272116838
281,0.9826238053866203,0.908256880733945,0.8608695652173913,0.9894493872754743,0.9800173761946134,0.8986784140969163,0.8869565217391304,0.9809467852946114,0.9817549956559514,0.9066666666666666,0.8869565217391304,0.9886436125566559
282,0.9830582102519548,0.9103448275862069,0.8608695652173913,0.9894346986738292,0.9800173761946134,0.8986784140969163,0.8869565217391304,0.9809593755245929,0.9817549956559514,0.9066666666666666,0.8869565217391304,0.988628923955011
283,0.9830582102519548,0.9103448275862069,0.8608695652173913,0.9894284035588383,0.9795829713292789,0.8967032967032967,0.8869565217391304,0.9809866543562196,0.9817549956559514,0.9066666666666666,0.8869565217391304,0.9886520060433104
284,0.9826238053866203,0.908256880733945,0.8608695652173913,0.9894388954171562,0.9795829713292789,0.8967032967032967,0.8869565217391304,0.9809719657545745,0.9817549956559514,0.9066666666666666,0.8869565217391304,0.9886205304683565
285,0.9830582102519548,0.9103448275862069,0.8608695652173913,0.9894263051871747,0.9795829713292789,0.8967032967032967,0.8869565217391304,0.9810370152761456,0.9817549956559514,0.9066666666666666,0.8869565217391304,0.9886247272116837
286,0.9830582102519548,0.9103448275862069,0.8608695652173913,0.9893885344972301,0.9795829713292789,0.8967032967032967,0.8869565217391304,0.9810621957361088,0.9817549956559514,0.9066666666666666,0.8869565217391304,0.9886079402383751
287,0.9830582102519548,0.9103448275862069,0.8608695652173913,0.9893906328688938,0.9795829713292789,0.8967032967032967,0.8869565217391304,0.9810349169044821,0.9817549956559514,0.9066666666666666,0.8869565217391304,0.988618432096693
288,0.9830582102519548,0.9103448275862069,0.8608695652173913,0.9893717475239215,0.9795829713292789,0.8967032967032967,0.8869565217391304,0.9810139331878462,0.9817549956559514,0.9066666666666666,0.8869565217391304,0.9885995467517207
289,0.9830582102519548,0.9103448275862069,0.8608695652173913,0.989384337753903,0.9795829713292789,0.8967032967032967,0.8869565217391304,0.980923703206312,0.9817549956559514,0.9066666666666666,0.8869565217391304,0.9886016451233842
290,0.9830582102519548,0.9103448275862069,0.8608695652173913,0.9893906328688938,0.9795829713292789,0.8967032967032967,0.8869565217391304,0.9809320966929664,0.9817549956559514,0.9066666666666666,0.8869565217391304,0.9886079402383751
291,0.9830582102519548,0.9103448275862069,0.8608695652173913,0.9893990263555482,0.9804517810599479,0.9006622516556292,0.8869565217391304,0.9809677690112473,0.9817549956559514,0.9066666666666666,0.8869565217391304,0.9885911532650663
292,0.9830582102519548,0.9103448275862069,0.8608695652173913,0.9893885344972301,0.9804517810599479,0.9006622516556292,0.8869565217391304,0.9809740641262381,0.9817549956559514,0.9066666666666666,0.8869565217391304,0.98859325163673
293,0.9830582102519548,0.9103448275862069,0.8608695652173913,0.9893654524089307,0.9804517810599479,0.9006622516556292,0.8869565217391304,0.9809719657545746,0.9817549956559514,0.9066666666666666,0.8869565217391304,0.9885869565217391
294,0.9830582102519548,0.9103448275862069,0.8608695652173913,0.989384337753903,0.9800173761946134,0.8986784140969163,0.8869565217391304,0.9808607520564041,0.9813205907906168,0.9042316258351893,0.8826086956521739,0.9886079402383751
295,0.9830582102519548,0.9103448275862069,0.8608695652173913,0.9893444686922949,0.9800173761946134,0.8986784140969163,0.8869565217391304,0.980867047171395,0.9813205907906168,0.9042316258351893,0.8826086956521739,0.9886037434950478
296,0.9830582102519548,0.9103448275862069,0.8608695652173913,0.9893885344972301,0.9800173761946134,0.8986784140969163,0.8869565217391304,0.9809006211180125,0.9813205907906168,0.9042316258351893,0.8826086956521739,0.9886750881316099
297,0.9830582102519548,0.9103448275862069,0.8608695652173913,0.9893759442672486,0.9800173761946134,0.8986784140969163,0.8869565217391304,0.98085235856975,0.9813205907906168,0.9042316258351893,0.8826086956521739,0.9886247272116838
298,0.9830582102519548,0.9103448275862069,0.8608695652173913,0.9893843377539029,0.9800173761946134,0.8986784140969163,0.8869565217391304,0.9808334732247777,0.9813205907906168,0.9042316258351893,0.8826086956521739,0.9886268255833474
299,0.9830582102519548,0.9103448275862069,0.8608695652173913,0.9893486654356219,0.9800173761946134,0.8986784140969163,0.8869565217391304,0.9807663253315426,0.9813205907906168,0.9042316258351893,0.8826086956521739,0.9885974483800571
300,0.9830582102519548,0.9103448275862069,0.8608695652173913,0.9893570589222763,0.9800173761946134,0.8986784140969163,0.8869565217391304,0.9807411448715798,0.9813205907906168,0.9042316258351893,0.8826086956521739,0.9886247272116838
301,0.9830582102519548,0.9103448275862069,0.8608695652173913,0.9893444686922948,0.9800173761946134,0.8986784140969163,0.8869565217391304,0.9807285546415981,0.9813205907906168,0.9042316258351893,0.8826086956521739,0.9886205304683565
302,0.9830582102519548,0.9103448275862069,0.8608695652173913,0.9893297800906498,0.9800173761946134,0.8986784140969163,0.8869565217391304,0.9807579318448884,0.9813205907906168,0.9042316258351893,0.8826086956521739,0.9886142353533659
303,0.9830582102519548,0.9103448275862069,0.8608695652173913,0.9893066980023503,0.9804517810599479,0.9006622516556292,0.8869565217391304,0.9807075709249622,0.9817549956559514,0.90625,0.8826086956521739,0.9885911532650663
304,0.9830582102519548,0.9103448275862069,0.8608695652173913,0.9892899110290414,0.9804517810599479,0.9006622516556292,0.8869565217391304,0.9806802920933356,0.9817549956559514,0.90625,0.8826086956521739,0.9885617760617761
305,0.9830582102519548,0.9103448275862069,0.8608695652173913,0.9892899110290415,0.9808861859252823,0.9026548672566371,0.8869565217391304,0.9806718986066811,0.9817549956559514,0.90625,0.8826086956521739,0.9885386939734766
306,0.9830582102519548,0.9103448275862069,0.8608695652173913,0.989292009400705,0.9804517810599479,0.9006622516556292,0.8869565217391304,0.9806760953500084,0.9817549956559514,0.90625,0.8826086956521739,0.988547087460131
307,0.9830582102519548,0.9103448275862069,0.8608695652173913,0.9893150914890046,0.9804517810599479,0.9006622516556292,0.8869565217391304,0.9806844888366626,0.9817549956559514,0.90625,0.8826086956521739,0.9886058418667114
308,0.9830582102519548,0.9103448275862069,0.8608695652173913,0.9893171898606681,0.9808861859252823,0.9026548672566371,0.8869565217391304,0.9806194393150915,0.9817549956559514,0.90625,0.8826086956521739,0.98859325163673
309,0.9830582102519548,0.9103448275862069,0.8608695652173913,0.9893066980023502,0.9808861859252823,0.9026548672566371,0.8869565217391304,0.9805417995635388,0.9817549956559514,0.90625,0.8826086956521739,0.9885869565217391
310,0.9830582102519548,0.9103448275862069,0.8608695652173913,0.98927732079906,0.9804517810599479,0.9006622516556292,0.8869565217391304,0.9805522914218565,0.9817549956559514,0.90625,0.8826086956521739,0.9885785630350848
311,0.9830582102519548,0.9103448275862069,0.8608695652173913,0.9892689273124056,0.9804517810599479,0.9006622516556292,0.8869565217391304,0.9804935370152761,0.9817549956559514,0.90625,0.8826086956521739,0.9885428907168038
312,0.9830582102519548,0.9103448275862069,0.8608695652173913,0.9892920094007049,0.9804517810599479,0.9006622516556292,0.8869565217391304,0.9803886184320967,0.9817549956559514,0.90625,0.8826086956521739,0.988582759778412
313,0.9830582102519548,0.9103448275862069,0.8608695652173913,0.9892941077723687,0.9804517810599479,0.9006622516556292,0.8869565217391304,0.9804179956353869,0.9813205907906168,0.9042316258351893,0.8826086956521739,0.9885848581500756
314,0.9830582102519548,0.9103448275862069,0.8608695652173913,0.9892878126573779,0.9804517810599479,0.9006622516556292,0.8869565217391304,0.980336159140507,0.9817549956559514,0.90625,0.8826086956521739,0.988572267920094
315,0.9830582102519548,0.9103448275862069,0.8608695652173913,0.9892647305690785,0.9808861859252823,0.9026548672566371,0.8869565217391304,0.9803382575121705,0.9817549956559514,0.90625,0.8826086956521739,0.9885659728051032
316,0.9830582102519548,0.9103448275862069,0.8608695652173913,0.9893108947456775,0.9808861859252823,0.9026548672566371,0.8869565217391304,0.9802816014772537,0.9817549956559514,0.90625,0.8826086956521739,0.9886310223266744
317,0.9830582102519548,0.9103448275862069,0.8608695652173913,0.9893402719489677,0.9804517810599479,0.9002217294900222,0.8826086956521739,0.9803403558838341,0.9817549956559514,0.90625,0.8826086956521739,0.9886499076716467
318,0.9830582102519548,0.9103448275862069,0.8608695652173913,0.9893276817189861,0.9808861859252823,0.9026548672566371,0.8869565217391304,0.9803865200604331,0.9817549956559514,0.90625,0.8826086956521739,0.9886331206983381
319,0.9830582102519548,0.9103448275862069,0.8608695652173913,0.9893066980023502,0.9808861859252823,0.9026548672566371,0.8869565217391304,0.9803760282021151,0.9817549956559514,0.90625,0.8826086956521739,0.9886121369817022
320,0.9830582102519548,0.9103448275862069,0.8608695652173913,0.9893171898606682,0.9804517810599479,0.9002217294900222,0.8826086956521739,0.9804410777236865,0.9817549956559514,0.90625,0.8826086956521739,0.9886121369817022
321,0.9830582102519548,0.9103448275862069,0.8608695652173913,0.9893297800906496,0.9804517810599479,0.9002217294900222,0.8826086956521739,0.9803424542554977,0.9817549956559514,0.90625,0.8826086956521739,0.988618432096693
322,0.9830582102519548,0.9103448275862069,0.8608695652173913,0.9893444686922948,0.9804517810599479,0.9002217294900222,0.8826086956521739,0.9803172737955347,0.9817549956559514,0.90625,0.8826086956521739,0.9886394158133288
323,0.9830582102519548,0.9103448275862069,0.8608695652173913,0.9893318784623132,0.9804517810599479,0.9002217294900222,0.8826086956521739,0.9803172737955348,0.9817549956559514,0.90625,0.8826086956521739,0.9886583011583012
324,0.9830582102519548,0.9103448275862069,0.8608695652173913,0.9893150914890045,0.9804517810599479,0.9002217294900222,0.8826086956521739,0.9802795031055901,0.9817549956559514,0.90625,0.8826086956521739,0.9886373174416652
325,0.9830582102519548,0.9103448275862069,0.8608695652173913,0.9892857142857143,0.9808861859252823,0.9022222222222223,0.8826086956521739,0.9803046835655532,0.9817549956559514,0.90625,0.8826086956521739,0.9886352190700017
326,0.9830582102519548,0.9103448275862069,0.8608695652173913,0.9892983045156959,0.9808861859252823,0.9022222222222223,0.8826086956521739,0.9802920933355715,0.9817549956559514,0.90625,0.8826086956521739,0.9886603995299648
327,0.9830582102519548,0.9103448275862069,0.8608695652173913,0.9892752224273963,0.9808861859252823,0.9022222222222223,0.8826086956521739,0.9803445526271614,0.9817549956559514,0.90625,0.8826086956521739,0.988654104414974
328,0.9830582102519548,0.9103448275862069,0.8608695652173913,0.9892731240557329,0.9804517810599479,0.9002217294900222,0.8826086956521739,0.9802920933355717,0.9817549956559514,0.90625,0.8826086956521739,0.9886415141849925
329,0.9830582102519548,0.9103448275862069,0.8608695652173913,0.989241648480779,0.9804517810599479,0.9002217294900222,0.8826086956521739,0.9803046835655531,0.9817549956559514,0.90625,0.8826086956521739,0.9886163337250293
330,0.9830582102519548,0.9103448275862069,0.8608695652173913,0.9892164680208159,0.9804517810599479,0.9002217294900222,0.8826086956521739,0.9803382575121706,0.9817549956559514,0.90625,0.8826086956521739,0.9886037434950479
331,0.9830582102519548,0.9103448275862069,0.8608695652173913,0.9892080745341616,0.9804517810599479,0.9002217294900222,0.8826086956521739,0.9803634379721337,0.9817549956559514,0.90625,0.8826086956521739,0.9886100386100386
332,0.9830582102519548,0.9103448275862069,0.8608695652173913,0.9892857142857143,0.9804517810599479,0.9002217294900222,0.8826086956521739,0.9803508477421521,0.9817549956559514,0.90625,0.8826086956521739,0.988654104414974
333,0.9830582102519548,0.9103448275862069,0.8608695652173913,0.9892857142857143,0.9804517810599479,0.9002217294900222,0.8826086956521739,0.9802962900788988,0.9817549956559514,0.90625,0.8826086956521739,0.9886708913882827
334,0.9830582102519548,0.9103448275862069,0.8608695652173913,0.9892920094007052,0.9804517810599479,0.9002217294900222,0.8826086956521739,0.9802333389289911,0.9817549956559514,0.90625,0.8826086956521739,0.988689776733255
335,0.9830582102519548,0.9103448275862069,0.8608695652173913,0.9892836159140507,0.9804517810599479,0.9002217294900222,0.8826086956521739,0.9802585193889541,0.9817549956559514,0.90625,0.8826086956521739,0.9886792848749371
336,0.9830582102519548,0.9103448275862069,0.8608695652173913,0.9892983045156958,0.9804517810599479,0.9002217294900222,0.8826086956521739,0.9802774047339265,0.9817549956559514,0.90625,0.8826086956521739,0.9886855799899278
337,0.9830582102519548,0.9103448275862069,0.8608695652173913,0.9892815175423871,0.9804517810599479,0.9002217294900222,0.8826086956521739,0.9803130770522075,0.9817549956559514,0.90625,0.8826086956521739,0.9886750881316099
338,0.9830582102519548,0.9103448275862069,0.8608695652173913,0.9892794191707236,0.9804517810599479,0.9002217294900222,0.8826086956521739,0.9803088803088803,0.9817549956559514,0.90625,0.8826086956521739,0.9886792848749371
339,0.9830582102519548,0.9103448275862069,0.8608695652173913,0.9893171898606681,0.9804517810599479,0.9002217294900222,0.8826086956521739,0.9802920933355717,0.9817549956559514,0.90625,0.8826086956521739,0.9887044653349002
340,0.9830582102519548,0.9103448275862069,0.8608695652173913,0.9893465670639583,0.9804517810599479,0.9002217294900222,0.8826086956521739,0.9802249454423367,0.9817549956559514,0.90625,0.8826086956521739,0.9887128588215545
341,0.9830582102519548,0.9103448275862069,0.8608695652173913,0.9893297800906496,0.9804517810599479,0.9002217294900222,0.8826086956521739,0.9802501259022998,0.9813205907906168,0.9042316258351893,0.8826086956521739,0.9887065637065637
342,0.9830582102519548,0.9103448275862069,0.8608695652173913,0.9893004028873593,0.9804517810599479,0.9002217294900222,0.8826086956521739,0.9801494040624475,0.9813205907906168,0.9042316258351893,0.8826086956521739,0.988700268591573
343,0.9830582102519548,0.9103448275862069,0.8608695652173913,0.9893129931173409,0.9804517810599479,0.9002217294900222,0.8826086956521739,0.9802438307873091,0.9813205907906168,0.9042316258351893,0.8826086956521739,0.9886981702199094
344,0.9830582102519548,0.9103448275862069,0.8608695652173913,0.9892983045156959,0.9804517810599479,0.9002217294900222,0.8826086956521739,0.9801766828940742,0.9813205907906168,0.9042316258351893,0.8826086956521739,0.9886939734765822
345,0.9830582102519548,0.9103448275862069,0.8608695652173913,0.989323484975659,0.9804517810599479,0.9002217294900222,0.8826086956521739,0.9800948463991943,0.9813205907906168,0.9042316258351893,0.8826086956521739,0.9886918751049186
346,0.9830582102519548,0.9103448275862069,0.8608695652173913,0.9893087963740138,0.9804517810599479,0.9002217294900222,0.8826086956521739,0.9800696659392312,0.9808861859252823,0.9022222222222223,0.8826086956521739,0.9886855799899278
347,0.9830582102519548,0.9103448275862069,0.8608695652173913,0.9893318784623133,0.9804517810599479,0.9002217294900222,0.8826086956521739,0.9800990431425214,0.9808861859252823,0.9022222222222223,0.8826086956521739,0.9887128588215545
348,0.9830582102519548,0.9103448275862069,0.8608695652173913,0.9893318784623133,0.9804517810599479,0.9002217294900222,0.8826086956521739,0.9800906496558671,0.9808861859252823,0.9022222222222223,0.8826086956521739,0.9887233506798725
349,0.9830582102519548,0.9103448275862069,0.8608695652173913,0.9893339768339768,0.9800173761946134,0.8982300884955752,0.8826086956521739,0.9800528789659224,0.9808861859252823,0.9022222222222223,0.8826086956521739,0.9887128588215545
350,0.9830582102519548,0.9103448275862069,0.8608695652173913,0.9893969279838846,0.9800173761946134,0.8982300884955752,0.8826086956521739,0.980044485479268,0.9808861859252823,0.9022222222222223,0.8826086956521739,0.9887737115997987
351,0.9830582102519548,0.9103448275862069,0.8608695652173913,0.9894514856471378,0.9795829713292789,0.8962472406181016,0.8826086956521739,0.9801892731240558,0.9813205907906168,0.9042316258351893,0.8826086956521739,0.9888261708913882
352,0.9830582102519548,0.9103448275862069,0.8608695652173913,0.9894430921604834,0.9800173761946134,0.8982300884955752,0.8826086956521739,0.9801053382575122,0.9813205907906168,0.9042316258351893,0.8826086956521739,0.9888387611213698
353,0.9830582102519548,0.9103448275862069,0.8608695652173913,0.989430501930502,0.9795829713292789,0.8962472406181016,0.8826086956521739,0.9801158301158303,0.9813205907906168,0.9042316258351893,0.8826086956521739,0.9888240725197247
354,0.9830582102519548,0.9103448275862069,0.8608695652173913,0.9894158133288569,0.9795829713292789,0.8962472406181016,0.8826086956521739,0.9801053382575121,0.9813205907906168,0.9042316258351893,0.8826086956521739,0.9888303676347154
355,0.9830582102519548,0.9103448275862069,0.8608695652173913,0.9894158133288568,0.9800173761946134,0.8982300884955752,0.8826086956521739,0.9800675675675675,0.9813205907906168,0.9042316258351893,0.8826086956521739,0.9888114822897432
356,0.9830582102519548,0.9103448275862069,0.8608695652173913,0.989466174248783,0.9800173761946134,0.8982300884955752,0.8826086956521739,0.9800822561692127,0.9813205907906168,0.9042316258351893,0.8826086956521739,0.9888597448380058
357,0.9830582102519548,0.9103448275862069,0.8608695652173913,0.9894577807621286,0.9800173761946134,0.8982300884955752,0.8826086956521739,0.9800381903642774,0.9813205907906168,0.9042316258351893,0.8826086956521739,0.9888471546080242
358,0.9830582102519548,0.9103448275862069,0.8608695652173913,0.9894598791337922,0.9800173761946134,0.8982300884955752,0.8826086956521739,0.9800067147893234,0.9813205907906168,0.9042316258351893,0.8826086956521739,0.9888450562363607
359,0.9830582102519548,0.9103448275862069,0.8608695652173913,0.98944099378882,0.9800173761946134,0.8982300884955752,0.8826086956521739,0.9799311734094343,0.9813205907906168,0.9042316258351893,0.8826086956521739,0.9888366627497063
360,0.9830582102519548,0.9103448275862069,0.8608695652173913,0.9895333221420178,0.9800173761946134,0.8982300884955752,0.8826086956521739,0.97992277992278,0.9813205907906168,0.9042316258351893,0.8826086956521739,0.9889709585361759
361,0.9830582102519548,0.9103448275862069,0.8608695652173913,0.9895815846902803,0.9800173761946134,0.8982300884955752,0.8826086956521739,0.979968944099379,0.9808861859252823,0.9022222222222223,0.8826086956521739,0.9889919422528118
362,0.9830582102519548,0.9103448275862069,0.8608695652173913,0.9895668960886352,0.9800173761946134,0.8982300884955752,0.8826086956521739,0.9799395668960886,0.9808861859252823,0.9022222222222223,0.8826086956521739,0.9889982373678026
363,0.9830582102519548,0.9103448275862069,0.8608695652173913,0.9895501091153266,0.9800173761946134,0.8982300884955752,0.8826086956521739,0.9798745173745175,0.9808861859252823,0.9022222222222223,0.8826086956521739,0.9889835487661575
364,0.9830582102519548,0.9103448275862069,0.8608695652173913,0.9895480107436629,0.9800173761946134,0.8982300884955752,0.8826086956521739,0.9799605506127246,0.9808861859252823,0.9022222222222223,0.8826086956521739,0.9890003357394662
365,0.9830582102519548,0.9103448275862069,0.8608695652173913,0.9895606009736445,0.9800173761946134,0.8982300884955752,0.8826086956521739,0.9798975994628168,0.9808861859252823,0.9022222222222223,0.8826086956521739,0.9889877455094847
366,0.9830582102519548,0.9103448275862069,0.8608695652173913,0.9895333221420178,0.9800173761946134,0.8982300884955752,0.8826086956521739,0.979897599462817,0.9808861859252823,0.9022222222222223,0.8826086956521739,0.9889730569078395
367,0.9830582102519548,0.9103448275862069,0.8608695652173913,0.989537518885345,0.9800173761946134,0.8982300884955752,0.8826086956521739,0.9798913043478261,0.9808861859252823,0.9022222222222223,0.8826086956521739,0.9889856471378211
368,0.9830582102519548,0.9103448275862069,0.8608695652173913,0.9895207319120364,0.9800173761946134,0.8982300884955752,0.8826086956521739,0.9798178613396004,0.9808861859252823,0.9022222222222223,0.8826086956521739,0.988996138996139
369,0.9830582102519548,0.9103448275862069,0.8608695652173913,0.9895165351687091,0.9800173761946134,0.8982300884955752,0.8826086956521739,0.9797905825079739,0.9808861859252823,0.9022222222222223,0.8826086956521739,0.9889940406244754
370,0.9830582102519548,0.9103448275862069,0.8608695652173913,0.9895102400537182,0.9800173761946134,0.8982300884955752,0.8826086956521739,0.9798136645962732,0.9808861859252823,0.9022222222222223,0.8826086956521739,0.9889919422528117
371,0.9830582102519548,0.9103448275862069,0.8608695652173913,0.9894892563370825,0.9800173761946134,0.8982300884955752,0.8826086956521739,0.9797255329864027,0.9813205907906168,0.9042316258351893,0.8826086956521739,0.9889751552795031
372,0.9830582102519548,0.9103448275862069,0.8608695652173913,0.9894724693637736,0.9800173761946134,0.8982300884955752,0.8826086956521739,0.9798199597112641,0.9813205907906168,0.9042316258351893,0.8826086956521739,0.988960466677858
373,0.9830582102519548,0.9103448275862069,0.8608695652173913,0.9894850595937553,0.9800173761946134,0.8982300884955752,0.8826086956521739,0.9797968776229645,0.9813205907906168,0.9042316258351893,0.8826086956521739,0.9889730569078395
374,0.9830582102519548,0.9103448275862069,0.8608695652173913,0.9894745677354373,0.9800173761946134,0.8982300884955752,0.8826086956521739,0.9799059929494712,0.9808861859252823,0.9022222222222223,0.8826086956521739,0.988960466677858
375,0.9830582102519548,0.9103448275862069,0.8608695652173913,0.9894829612220917,0.9800173761946134,0.8982300884955752,0.8826086956521739,0.9799185831794528,0.9808861859252823,0.9022222222222223,0.8826086956521739,0.9889541715628672
376,0.9830582102519548,0.9103448275862069,0.8608695652173913,0.9894766661071009,0.9800173761946134,0.8982300884955752,0.8826086956521739,0.9800214033909687,0.9808861859252823,0.9022222222222223,0.8826086956521739,0.9889373845895585
377,0.9830582102519548,0.9103448275862069,0.8608695652173913,0.9894577807621286,0.9800173761946134,0.8982300884955752,0.8826086956521739,0.9799647473560517,0.9808861859252823,0.9022222222222223,0.8826086956521739,0.988935286217895
378,0.9830582102519548,0.9103448275862069,0.8608695652173913,0.9894451905321471,0.9800173761946134,0.8982300884955752,0.8826086956521739,0.9800235017626323,0.9808861859252823,0.9022222222222223,0.8826086956521739,0.9889205976162498
379,0.9830582102519548,0.9103448275862069,0.8608695652173913,0.989434698673829,0.9800173761946134,0.8982300884955752,0.8826086956521739,0.9801074366291758,0.9808861859252823,0.9022222222222223,0.8826086956521739,0.9889164008729225
380,0.9830582102519548,0.9103448275862069,0.8608695652173913,0.989405321470539,0.9800173761946134,0.8982300884955752,0.8826086956521739,0.9801703877790835,0.9808861859252823,0.9022222222222223,0.8826086956521739,0.9888954171562867
381,0.9830582102519548,0.9103448275862069,0.8608695652173913,0.989405321470539,0.9800173761946134,0.8982300884955752,0.8826086956521739,0.9800318952492866,0.9813205907906168,0.9042316258351893,0.8826086956521739,0.9889059090146047
382,0.9830582102519548,0.9103448275862069,0.8608695652173913,0.9894032230988753,0.9800173761946134,0.8982300884955752,0.8826086956521739,0.980075961054222,0.9813205907906168,0.9042316258351893,0.8826086956521739,0.9888996138996139
383,0.9830582102519548,0.9103448275862069,0.8608695652173913,0.9893990263555481,0.9800173761946134,0.8982300884955752,0.8826086956521739,0.9801116333725031,0.9813205907906168,0.9042316258351893,0.8826086956521739,0.9888975155279502
384,0.9830582102519548,0.9103448275862069,0.8608695652173913,0.9893906328688937,0.9800173761946134,0.8982300884955752,0.8826086956521739,0.9801158301158303,0.9813205907906168,0.9042316258351893,0.8826086956521739,0.9888933187846232
385,0.9830582102519548,0.9103448275862069,0.8608695652173913,0.9894221084438476,0.9800173761946134,0.8982300884955752,0.8826086956521739,0.9801032398858486,0.9813205907906168,0.9042316258351893,0.8826086956521739,0.9889289911029042
386,0.9830582102519548,0.9103448275862069,0.8608695652173913,0.9893927312405573,0.9800173761946134,0.8982300884955752,0.8826086956521739,0.9801032398858486,0.9808861859252823,0.9022222222222223,0.8826086956521739,0.9888975155279504
387,0.9830582102519548,0.9103448275862069,0.8608695652173913,0.9894116165855297,0.9800173761946134,0.8982300884955752,0.8826086956521739,0.9801074366291758,0.9813205907906168,0.9042316258351893,0.8826086956521739,0.9889164008729227
388,0.9830582102519548,0.9103448275862069,0.8608695652173913,0.9894074198422026,0.9800173761946134,0.8982300884955752,0.8826086956521739,0.9800990431425214,0.9813205907906168,0.9042316258351893,0.8826086956521739,0.9889164008729227
389,0.9830582102519548,0.9103448275862069,0.8608695652173913,0.9893822393822393,0.9800173761946134,0.8982300884955752,0.8826086956521739,0.9800360919926138,0.9813205907906168,0.9042316258351893,0.8826086956521739,0.9888765318113145
390,0.9830582102519548,0.9103448275862069,0.8608695652173913,0.9893717475239214,0.9800173761946134,0.8982300884955752,0.8826086956521739,0.9801053382575122,0.9813205907906168,0.9042316258351893,0.8826086956521739,0.9888870236696323
391,0.9830582102519548,0.9103448275862069,0.8608695652173913,0.9893738458955851,0.9800173761946134,0.8982300884955752,0.8826086956521739,0.9801850763807285,0.9813205907906168,0.9042316258351893,0.8826086956521739,0.9888723350679872
392,0.9830582102519548,0.9103448275862069,0.8608695652173913,0.9893717475239214,0.9800173761946134,0.8982300884955752,0.8826086956521739,0.9800885512842035,0.9813205907906168,0.9042316258351893,0.8826086956521739,0.9888534497230149
393,0.9830582102519548,0.9103448275862069,0.8608695652173913,0.9893654524089306,0.9804517810599479,0.9002217294900222,0.8826086956521739,0.9800717643108948,0.9813205907906168,0.9042316258351893,0.8826086956521739,0.9888618432096693
394,0.9830582102519548,0.9103448275862069,0.8608695652173913,0.9893507638072856,0.9800173761946134,0.8982300884955752,0.8826086956521739,0.9800675675675675,0.9813205907906168,0.9042316258351893,0.8826086956521739,0.988863941581333
395,0.9830582102519548,0.9103448275862069,0.8608695652173913,0.9893654524089307,0.9800173761946134,0.8982300884955752,0.8826086956521739,0.9801577975491019,0.9813205907906168,0.9042316258351893,0.8826086956521739,0.9888828269263052
396,0.9830582102519548,0.9103448275862069,0.8608695652173913,0.9893738458955851,0.9800173761946134,0.8982300884955752,0.8826086956521739,0.9801850763807285,0.9817549956559514,0.90625,0.8826086956521739,0.9888912204129596
397,0.9830582102519548,0.9103448275862069,0.8608695652173913,0.989384337753903,0.9800173761946134,0.8982300884955752,0.8826086956521739,0.9801011415141849,0.9813205907906168,0.9042316258351893,0.8826086956521739,0.9888954171562867
398,0.9830582102519548,0.9103448275862069,0.8608695652173913,0.9893780426389123,0.9800173761946134,0.8982300884955752,0.8826086956521739,0.9800130099043144,0.9813205907906168,0.9042316258351893,0.8826086956521739,0.9888954171562868
399,0.9830582102519548,0.9103448275862069,0.8608695652173913,0.989363354037267,0.9800173761946134,0.8982300884955752,0.8826086956521739,0.9799815343293603,0.9817549956559514,0.90625,0.8826086956521739,0.9888744334396509
400,0.9830582102519548,0.9103448275862069,0.8608695652173913,0.9893528621789492,0.9800173761946134,0.8982300884955752,0.8826086956521739,0.9799773375860333,0.9817549956559514,0.90625,0.8826086956521739,0.9888744334396509
