n_estimators,learning_rate,val_auc,test_accuracy,test_f1,test_recall,test_auc
100,0.001,0.9813081705477688,0.9543973941368078,0.8033707865168539,0.934640522875817,0.9877841150932153
110,0.001,0.981212522532465,0.955700325732899,0.807909604519774,0.934640522875817,0.9876895282956405
120,0.001,0.9811463046757164,0.955700325732899,0.807909604519774,0.934640522875817,0.9880678754859397
130,0.001,0.9809402935658316,0.9563517915309446,0.8101983002832861,0.934640522875817,0.9881766503031507
140,0.001,0.9804988411875069,0.9563517915309446,0.8101983002832861,0.934640522875817,0.9881908383227869
150,0.001,0.9809108634072765,0.9563517915309446,0.8101983002832861,0.934640522875817,0.9881482742638783
160,0.001,0.9807195673766693,0.9570032573289903,0.8125,0.934640522875817,0.9881790149730901
170,0.001,0.9807416399955855,0.9563517915309446,0.8101983002832861,0.934640522875817,0.9880891575153941
180,0.001,0.9806459919802819,0.9563517915309446,0.8101983002832861,0.934640522875817,0.988032405436849
190,0.001,0.9804179082514807,0.9570032573289903,0.8125,0.934640522875817,0.9878385025018208
200,0.001,0.9804804473384099,0.9576547231270358,0.8148148148148148,0.934640522875817,0.9877817504232759
210,0.001,0.9803553691645513,0.9576547231270358,0.8148148148148148,0.934640522875817,0.9878432318416994
220,0.001,0.9802891513078027,0.9576547231270358,0.8148148148148148,0.934640522875817,0.9876824342858224
230,0.001,0.9804068719420227,0.9576547231270358,0.8148148148148148,0.934640522875817,0.9876375055569744
240,0.001,0.98048044733841,0.9583061889250815,0.8160919540229885,0.9281045751633987,0.9874483319618248
250,0.001,0.9804142294816613,0.9583061889250815,0.8171428571428572,0.934640522875817,0.9873206397850988
260,0.001,0.9803480116249126,0.958957654723127,0.8194842406876791,0.934640522875817,0.9871787595887366
270,0.001,0.9803443328550934,0.958957654723127,0.8194842406876791,0.934640522875817,0.9872165943077665
280,0.001,0.9806607070595593,0.958957654723127,0.8194842406876791,0.934640522875817,0.9871361955298279
290,0.001,0.9811757348342713,0.9596091205211726,0.8218390804597702,0.934640522875817,0.9871834889286154
300,0.001,0.9816392598315123,0.9615635179153095,0.8289855072463768,0.934640522875817,0.9871787595887366
310,0.001,0.9818526284810359,0.9609120521172638,0.8255813953488372,0.9281045751633987,0.9872969930857051
320,0.001,0.9822278630026119,0.9609120521172638,0.8255813953488372,0.9281045751633987,0.9874152265826736
330,0.001,0.9823602987161093,0.9609120521172638,0.8255813953488372,0.9281045751633987,0.98731591044522
340,0.001,0.9823897288746644,0.9609120521172638,0.8255813953488372,0.9281045751633987,0.9874530613017035
350,0.001,0.9824485891917742,0.9609120521172638,0.8255813953488372,0.9281045751633987,0.9873868505434011
360,0.001,0.9824780193503293,0.9609120521172638,0.8255813953488372,0.9281045751633987,0.9873632038440076
370,0.001,0.9825295221278004,0.9609120521172638,0.8255813953488372,0.9281045751633987,0.9873017224255838
380,0.001,0.9826067762940073,0.9609120521172638,0.8255813953488372,0.9281045751633987,0.98739157988328
390,0.001,0.9827980723246146,0.9609120521172638,0.8255813953488372,0.9281045751633987,0.9873537451642499
400,0.001,0.9830629437516094,0.9609120521172638,0.8255813953488372,0.9281045751633987,0.9873111811053413
100,0.0017,0.9809402935658316,0.9550488599348534,0.8056338028169014,0.934640522875817,0.9873750271937044
110,0.0017,0.9809329360261928,0.955700325732899,0.807909604519774,0.934640522875817,0.9872047709580697
120,0.0017,0.9808667181694442,0.955700325732899,0.807909604519774,0.934640522875817,0.9874554259716428
130,0.0017,0.9808667181694442,0.9563517915309446,0.8101983002832861,0.934640522875817,0.9875689301287326
140,0.0017,0.980726924916308,0.9570032573289903,0.8114285714285714,0.9281045751633987,0.9875452834293389
150,0.0017,0.9810948018982452,0.9570032573289903,0.8114285714285714,0.9281045751633987,0.9874838020109152
160,0.0017,0.980826251701431,0.9583061889250815,0.8160919540229885,0.9281045751633987,0.9875169073900665
170,0.0017,0.9814700364198213,0.9576547231270358,0.8137535816618912,0.9281045751633987,0.9875452834293389
180,0.0017,0.9813523157856013,0.958957654723127,0.8184438040345822,0.9281045751633987,0.9875642007888539
190,0.0017,0.9814626788801826,0.9596091205211726,0.8208092485549133,0.9281045751633987,0.9873702978538256
200,0.0017,0.9817128352278999,0.962214983713355,0.8304093567251462,0.9281045751633987,0.9874034032329768
210,0.0017,0.9818158407828422,0.962214983713355,0.8304093567251462,0.9281045751633987,0.9875452834293389
220,0.0017,0.9816319022918736,0.9615635179153095,0.8279883381924198,0.9281045751633987,0.9874459672918855
230,0.0017,0.9817937681639259,0.9615635179153095,0.8279883381924198,0.9281045751633987,0.9873915798832799
240,0.0017,0.9817569804657322,0.9615635179153095,0.8279883381924198,0.9281045751633987,0.9873395571446137
250,0.0017,0.9818158407828422,0.9615635179153095,0.8279883381924198,0.9281045751633987,0.9877226336747917
260,0.0017,0.9819188463377846,0.9615635179153095,0.8279883381924198,0.9281045751633987,0.9879874767080011
270,0.0017,0.9820439245116434,0.9615635179153095,0.8279883381924198,0.9281045751633987,0.9882712371007255
280,0.0017,0.9820144943530883,0.9615635179153095,0.8279883381924198,0.9281045751633987,0.988332718519149
290,0.0017,0.9822352205422507,0.9615635179153095,0.8279883381924198,0.9281045751633987,0.9883989292774514
300,0.0017,0.9826987455394915,0.962214983713355,0.8304093567251462,0.9281045751633987,0.9883941999375727
310,0.0017,0.9831218040687194,0.962214983713355,0.8304093567251462,0.9281045751633987,0.988625937591631
320,0.0017,0.9833572453371593,0.9628664495114007,0.8328445747800587,0.9281045751633987,0.9887914644873869
330,0.0017,0.9834013905749917,0.9635179153094463,0.8352941176470589,0.9281045751633987,0.9888340285462957
340,0.0017,0.9837177647794577,0.9635179153094463,0.8352941176470589,0.9281045751633987,0.9889286153438702
350,0.0017,0.9838207703344002,0.9635179153094463,0.8352941176470589,0.9281045751633987,0.9890373901610813
360,0.0017,0.9840414965235625,0.9641693811074918,0.8377581120943953,0.9281045751633987,0.9891981877169586
370,0.0017,0.9839899937460913,0.9641693811074918,0.8377581120943953,0.9281045751633987,0.9893069625341695
380,0.0017,0.9838575580325939,0.9641693811074918,0.8377581120943953,0.9281045751633987,0.9894204666912593
390,0.0017,0.9838134127947614,0.965472312703583,0.8427299703264095,0.9281045751633987,0.9895197828287127
400,0.0017,0.9837913401758452,0.9661237785016287,0.8452380952380952,0.9281045751633987,0.9895812642471363
100,0.0028,0.9822646507008057,0.9583061889250815,0.8160919540229885,0.9281045751633987,0.9864764526167437
110,0.0028,0.982514807048523,0.9602605863192183,0.8231884057971014,0.9281045751633987,0.9863724071394114
120,0.0028,0.9827796784755177,0.9609120521172638,0.8255813953488372,0.9281045751633987,0.9869588452843753
130,0.0028,0.9833535665673399,0.9615635179153095,0.8279883381924198,0.9281045751633987,0.9873230044550382
140,0.0028,0.9831549129970938,0.9615635179153095,0.8279883381924198,0.9281045751633987,0.9873844858734618
150,0.0028,0.98317698561601,0.9628664495114007,0.8328445747800587,0.9281045751633987,0.9875500127692176
160,0.0028,0.983007762204319,0.9628664495114007,0.8328445747800587,0.9281045751633987,0.9879661946785467
170,0.0028,0.9834197844240886,0.9628664495114007,0.8328445747800587,0.9281045751633987,0.9881884736528476
180,0.0028,0.9833829967258949,0.9635179153094463,0.8352941176470589,0.9281045751633987,0.9884675047056932
190,0.0028,0.9838097340249421,0.9641693811074918,0.8377581120943953,0.9281045751633987,0.9886141142419341
200,0.0028,0.9840231026744656,0.9641693811074918,0.8377581120943953,0.9281045751633987,0.9886046555621766
210,0.0028,0.9841555383879631,0.9641693811074918,0.8377581120943953,0.9281045751633987,0.9887749117978113
220,0.0028,0.983956884817717,0.9648208469055375,0.8402366863905325,0.9281045751633987,0.9888600399156285
230,0.0028,0.984026781444285,0.9648208469055375,0.8402366863905325,0.9281045751633987,0.9889404386935672
240,0.0028,0.9841077143803112,0.9661237785016287,0.8452380952380952,0.9281045751633987,0.9890255668113844
250,0.0028,0.9841003568406724,0.9667752442996743,0.8477611940298507,0.9281045751633987,0.9891579883279892
260,0.0028,0.9840488540632013,0.9661237785016287,0.8452380952380952,0.9281045751633987,0.9891296122887168
270,0.0028,0.9840635691424787,0.9667752442996743,0.8477611940298507,0.9281045751633987,0.9891674470077467
280,0.0028,0.9841003568406723,0.9667752442996743,0.8477611940298507,0.9281045751633987,0.9891910937071404
290,0.0028,0.9842254350145312,0.9667752442996743,0.8477611940298507,0.9281045751633987,0.9891154242690805
300,0.0028,0.9843210830298348,0.9674267100977199,0.8502994011976048,0.9281045751633987,0.9890775895500505
310,0.0028,0.9842548651730861,0.9674267100977199,0.8502994011976048,0.9281045751633987,0.9892241990862916
320,0.0028,0.9842769377920024,0.9674267100977199,0.8502994011976048,0.9281045751633987,0.9890870482298081
330,0.0028,0.9841003568406725,0.9674267100977199,0.8502994011976048,0.9281045751633987,0.9889971907721121
340,0.0028,0.9840782842217562,0.9674267100977199,0.8502994011976048,0.9281045751633987,0.9889451680334459
350,0.0028,0.9840414965235624,0.9674267100977199,0.8502994011976048,0.9281045751633987,0.9889357093536884
360,0.0028,0.9844240885847773,0.9680781758957655,0.851963746223565,0.9215686274509803,0.9888978746346585
370,0.0028,0.9844535187433323,0.9680781758957655,0.851963746223565,0.9215686274509803,0.9889026039745372
380,0.0028,0.9845270941397198,0.968729641693811,0.8545454545454545,0.9215686274509803,0.9890468488408387
390,0.0028,0.9846300996946621,0.9706840390879479,0.8623853211009175,0.9215686274509803,0.9890563075205963
400,0.0028,0.9846963175514107,0.9713355048859935,0.8650306748466258,0.9215686274509803,0.9890468488408388
100,0.0046,0.9844829489018873,0.9641693811074918,0.8377581120943953,0.9281045751633987,0.9873797565335831
110,0.0046,0.9848876135820183,0.9648208469055375,0.8402366863905325,0.9281045751633987,0.9878006677827909
120,0.0046,0.9849023286612958,0.965472312703583,0.8427299703264095,0.9281045751633987,0.9884675047056932
130,0.0046,0.9850715520729867,0.9648208469055375,0.8402366863905325,0.9281045751633987,0.9886141142419341
140,0.0046,0.9845969907662877,0.9661237785016287,0.8452380952380952,0.9281045751633987,0.9885857382026617
150,0.0046,0.9846632086230365,0.9667752442996743,0.8477611940298507,0.9281045751633987,0.9889404386935672
160,0.0046,0.9844682338226098,0.9674267100977199,0.8502994011976048,0.9281045751633987,0.9891106949292018
170,0.0046,0.9844976639811647,0.9680781758957655,0.8528528528528528,0.9281045751633987,0.9891438003083529
180,0.0046,0.9844020159658611,0.968729641693811,0.8554216867469879,0.9281045751633987,0.9890397548310207
190,0.0046,0.9842327925541698,0.9680781758957655,0.851963746223565,0.9215686274509803,0.9888222051965987
200,0.0046,0.9840709266821174,0.968729641693811,0.8545454545454545,0.9215686274509803,0.9886945130198728
210,0.0046,0.9838428429533163,0.9700325732899023,0.8588957055214724,0.9150326797385621,0.9886235729216916
220,0.0046,0.9836736195416254,0.9706840390879479,0.8615384615384616,0.9150326797385621,0.9885668208431466
230,0.0046,0.9835632564470441,0.9706840390879479,0.8615384615384616,0.9150326797385621,0.9885786441928435
240,0.0046,0.9838502004929551,0.971986970684039,0.8668730650154799,0.9150326797385621,0.988498245414905
250,0.0046,0.9842254350145312,0.9732899022801303,0.8722741433021807,0.9150326797385621,0.9884887867351475
260,0.0046,0.9845565242982747,0.9732899022801303,0.8722741433021807,0.9150326797385621,0.9884462226762387
270,0.0046,0.9848213957252695,0.9739413680781759,0.875,0.9150326797385621,0.9885029747547838
280,0.0046,0.9848876135820182,0.9739413680781759,0.875,0.9150326797385621,0.988460410695875
290,0.0046,0.9849979766765993,0.9739413680781759,0.875,0.9150326797385621,0.9882523197412105
300,0.0046,0.9852260604054004,0.9739413680781759,0.875,0.9150326797385621,0.9879685593484862
310,0.0046,0.9849979766765993,0.9739413680781759,0.875,0.9150326797385621,0.9879543713288499
320,0.0046,0.9850126917558768,0.9745928338762215,0.877742946708464,0.9150326797385621,0.9878172204723665
330,0.0046,0.9849832615973219,0.9739413680781759,0.875,0.9150326797385621,0.9876469642367317
340,0.0046,0.9849685465180443,0.9739413680781759,0.875,0.9150326797385621,0.9876233175373381
350,0.0046,0.984975904057683,0.9739413680781759,0.875,0.9150326797385621,0.9877037163152768
360,0.0046,0.9849979766765994,0.9745928338762215,0.877742946708464,0.9150326797385621,0.987826679152124
370,0.0046,0.985093624691903,0.9739413680781759,0.875,0.9150326797385621,0.9880631461460608
380,0.0046,0.9851451274693742,0.9745928338762215,0.877742946708464,0.9150326797385621,0.9881908383227869
390,0.0046,0.985093624691903,0.9745928338762215,0.877742946708464,0.9150326797385621,0.9882996131399979
400,0.0046,0.9851451274693743,0.9745928338762215,0.877742946708464,0.9150326797385621,0.9882996131399979
100,0.0077,0.9858367361954163,0.9667752442996743,0.8477611940298507,0.9281045751633987,0.988926250673931
110,0.0077,0.9854909318323952,0.9667752442996743,0.8468468468468469,0.9215686274509803,0.9887039716996301
120,0.0077,0.9852407754846779,0.9693811074918567,0.8571428571428571,0.9215686274509803,0.9889026039745372
130,0.0077,0.9849170437405732,0.9713355048859935,0.8650306748466258,0.9215686274509803,0.9886093849020554
140,0.0077,0.9845859544568295,0.9726384364820847,0.8695652173913043,0.9150326797385621,0.9883208951694522
150,0.0077,0.9850274068351543,0.9732899022801303,0.8722741433021807,0.9150326797385621,0.9883776472479971
160,0.0077,0.9851304123900967,0.9732899022801303,0.8722741433021807,0.9150326797385621,0.9882877897903011
170,0.0077,0.985034764374793,0.9739413680781759,0.875,0.9150326797385621,0.9881979323326051
180,0.0077,0.9851156973108192,0.9739413680781759,0.875,0.9150326797385621,0.9879378186392743
190,0.0077,0.9849611889784057,0.9739413680781759,0.875,0.9150326797385621,0.9875476480992783
200,0.0077,0.9849464738991281,0.9745928338762215,0.877742946708464,0.9150326797385621,0.9872307823274027
210,0.0077,0.9848728985027407,0.9745928338762215,0.877742946708464,0.9150326797385621,0.9871409248697066
220,0.0077,0.9849906191369606,0.9758957654723127,0.8832807570977917,0.9150326797385621,0.9873442864844926
230,0.0077,0.9851377699297355,0.9758957654723127,0.8832807570977917,0.9150326797385621,0.9878172204723665
240,0.0077,0.9850936246919031,0.9758957654723127,0.8832807570977917,0.9150326797385621,0.9878834312306689
250,0.0077,0.9851083397711806,0.9765472312703583,0.8860759493670886,0.9150326797385621,0.9880016647276373
260,0.0077,0.9851745576279293,0.9765472312703583,0.8860759493670886,0.9150326797385621,0.9880016647276374
270,0.0077,0.9851892727072067,0.9758957654723127,0.8832807570977917,0.9150326797385621,0.9880442287865461
280,0.0077,0.9851672000882904,0.9758957654723127,0.8832807570977917,0.9150326797385621,0.9878645138711539
290,0.0077,0.9854467865945628,0.9758957654723127,0.8832807570977917,0.9150326797385621,0.9877935737729727
300,0.0077,0.9851745576279293,0.9765472312703583,0.8860759493670886,0.9150326797385621,0.9875098133802485
310,0.0077,0.9849317588198506,0.9765472312703583,0.8860759493670886,0.9150326797385621,0.9871882182684941
320,0.0077,0.9846300996946621,0.9758957654723127,0.8825396825396825,0.9084967320261438,0.987027420712617
330,0.0077,0.9842695802523637,0.9752442996742671,0.879746835443038,0.9084967320261438,0.9868193297579525
340,0.0077,0.9839826362064524,0.9758957654723127,0.8825396825396825,0.9084967320261438,0.9864031478486234
350,0.0077,0.9839532060478976,0.9758957654723127,0.8825396825396825,0.9084967320261438,0.9862707263320186
360,0.0077,0.9838796306515101,0.9765472312703583,0.8853503184713376,0.9084967320261438,0.9859633192399005
370,0.0077,0.9836147592245154,0.9765472312703583,0.8853503184713376,0.9084967320261438,0.9856890175269336
380,0.0077,0.9831953794651068,0.9765472312703583,0.8853503184713376,0.9084967320261438,0.9854951145919053
390,0.0077,0.9831291616083582,0.9765472312703583,0.8853503184713376,0.9084967320261438,0.9853579637354218
400,0.0077,0.9831291616083582,0.9765472312703583,0.8853503184713376,0.9084967320261438,0.9853153996765132
100,0.0129,0.9859765294485524,0.9713355048859935,0.8641975308641975,0.9150326797385621,0.9883114364896947
110,0.0129,0.9857484457197513,0.971986970684039,0.8668730650154799,0.9150326797385621,0.9876658815962468
120,0.0129,0.9859029540521649,0.971986970684039,0.8660436137071651,0.9084967320261438,0.9877084456551555
130,0.0129,0.9862929036530184,0.9726384364820847,0.86875,0.9084967320261438,0.9876422348968531
140,0.0129,0.9860427473053012,0.9726384364820847,0.86875,0.9084967320261438,0.9878408671717601
150,0.0129,0.986219328256631,0.9752442996742671,0.879746835443038,0.9084967320261438,0.987935453969335
160,0.0129,0.9860868925431335,0.9758957654723127,0.8832807570977917,0.9150326797385621,0.9883185304995129
170,0.0129,0.9859838869881912,0.9752442996742671,0.879746835443038,0.9084967320261438,0.9882002970025444
180,0.0129,0.9856160100062539,0.9765472312703583,0.8860759493670886,0.9150326797385621,0.9880773341656971
190,0.0129,0.9852849207225105,0.9758957654723127,0.8825396825396825,0.9084967320261438,0.9878408671717602
200,0.0129,0.9851304123900967,0.9758957654723127,0.8825396825396825,0.9084967320261438,0.9874294146023098
210,0.0129,0.9847551778685207,0.9752442996742671,0.8789808917197452,0.9019607843137255,0.9870368793923745
220,0.0129,0.9844903064415259,0.9752442996742671,0.8789808917197452,0.9019607843137255,0.9867058256008626
230,0.0129,0.9841518596181438,0.9752442996742671,0.8789808917197452,0.9019607843137255,0.9861193874558989
240,0.0129,0.9839090608100651,0.9752442996742671,0.8789808917197452,0.9019607843137255,0.9861051994362627
250,0.0129,0.9838943457307876,0.9758957654723127,0.8825396825396825,0.9084967320261438,0.9863038317111698
260,0.0129,0.9837251223190966,0.9765472312703583,0.8853503184713376,0.9084967320261438,0.9864835466265618
270,0.0129,0.9836368318434315,0.9771986970684039,0.8881789137380192,0.9084967320261438,0.9866112388032878
280,0.0129,0.9833425302578818,0.9765472312703583,0.8853503184713376,0.9084967320261438,0.9865639454045004
290,0.0129,0.9834381782731855,0.9765472312703583,0.8853503184713376,0.9084967320261438,0.9863605837897146
300,0.0129,0.9835043961299341,0.9765472312703583,0.8853503184713376,0.9084967320261438,0.9862139742534737
310,0.0129,0.9836000441452378,0.9771986970684039,0.8881789137380192,0.9084967320261438,0.9860106126386879
320,0.0129,0.9832468822425781,0.9778501628664495,0.8910256410256411,0.9084967320261438,0.9856133480888737
330,0.0129,0.9830408711326931,0.9778501628664495,0.8903225806451613,0.9019607843137255,0.9848850297475479
340,0.0129,0.9828716477210021,0.9778501628664495,0.8903225806451613,0.9019607843137255,0.9846580214333683
350,0.0129,0.9827907147849758,0.9778501628664495,0.8896103896103896,0.8954248366013072,0.9841708994258582
360,0.0129,0.9827318544678658,0.9785016286644951,0.8925081433224755,0.8954248366013072,0.9838351162944676
370,0.0129,0.9826435639922011,0.9771986970684039,0.8852459016393442,0.8823529411764706,0.9835702732612582
380,0.0129,0.9826288489129236,0.9785016286644951,0.8910891089108911,0.8823529411764706,0.9832675955090188
390,0.0129,0.9825773461354523,0.9785016286644951,0.8910891089108911,0.8823529411764706,0.9831493620120504
400,0.0129,0.9825184858183424,0.9785016286644951,0.8910891089108911,0.8823529411764706,0.9831304446525353
100,0.0215,0.9855939373873377,0.9752442996742671,0.879746835443038,0.9084967320261438,0.9887299830689632
110,0.0215,0.9849170437405732,0.9745928338762215,0.8769716088328076,0.9084967320261438,0.9881057102049696
120,0.0215,0.9842254350145312,0.9758957654723127,0.8825396825396825,0.9084967320261438,0.9880158527472734
130,0.0215,0.9838354854136777,0.9758957654723127,0.8825396825396825,0.9084967320261438,0.9873632038440074
140,0.0215,0.982930508038112,0.9765472312703583,0.8853503184713376,0.9084967320261438,0.9868902698561335
150,0.0215,0.9826362064525622,0.9771986970684039,0.8881789137380192,0.9084967320261438,0.9864930053063194
160,0.0215,0.9829820108155832,0.9785016286644951,0.8938906752411575,0.9084967320261438,0.9866585322020752
170,0.0215,0.9832983850200493,0.9778501628664495,0.8910256410256411,0.9084967320261438,0.9861761395344438
180,0.0215,0.983335172718243,0.9778501628664495,0.8910256410256411,0.9084967320261438,0.9853816104348155
190,0.0215,0.9835117536695729,0.9785016286644951,0.8938906752411575,0.9084967320261438,0.9854241744937242
200,0.0215,0.9830408711326931,0.9785016286644951,0.8938906752411575,0.9084967320261438,0.9854383625133604
210,0.0215,0.9829231504984732,0.9804560260586319,0.9019607843137255,0.9019607843137255,0.9851877074997872
220,0.0215,0.9826803516903947,0.9791530944625407,0.8947368421052632,0.8888888888888888,0.9849275938064564
230,0.0215,0.9826509215318397,0.9798045602605863,0.8970099667774086,0.8823529411764706,0.9852350008985747
240,0.0215,0.9831144465290806,0.9791530944625407,0.8947368421052632,0.8888888888888888,0.9850505566433037
250,0.0215,0.9827980723246147,0.9791530944625407,0.8947368421052632,0.8888888888888888,0.9845776226554298
260,0.0215,0.9830114409741382,0.9791530944625407,0.8947368421052632,0.8888888888888888,0.9841756287657369
270,0.0215,0.9833131000993267,0.9785016286644951,0.8910891089108911,0.8823529411764706,0.9836554013790756
280,0.0215,0.9834823235110179,0.9778501628664495,0.8881578947368421,0.8823529411764706,0.9836128373201669
290,0.0215,0.9833646028767979,0.9785016286644951,0.8910891089108911,0.8823529411764706,0.9830216698353244
300,0.0215,0.9836221167641541,0.9785016286644951,0.8910891089108911,0.8823529411764706,0.9828041202009024
310,0.0215,0.9839090608100651,0.9791530944625407,0.8940397350993378,0.8823529411764706,0.982520359808178
320,0.0215,0.9836441893830703,0.9791530944625407,0.8940397350993378,0.8823529411764706,0.9825061717885417
330,0.0215,0.9836736195416252,0.9791530944625407,0.8940397350993378,0.8823529411764706,0.9823784796118158
340,0.0215,0.9837913401758451,0.9785016286644951,0.8910891089108911,0.8823529411764706,0.9821656593172725
350,0.0215,0.9838060552551228,0.9791530944625407,0.8940397350993378,0.8823529411764706,0.9817069133490347
360,0.0215,0.9841077143803112,0.9798045602605863,0.8970099667774086,0.8823529411764706,0.9815413864532788
370,0.0215,0.9841077143803113,0.9791530944625407,0.8933333333333333,0.8758169934640523,0.9810400764261324
380,0.0215,0.9838649155722327,0.9798045602605863,0.8963210702341137,0.8758169934640523,0.980992783027345
390,0.0215,0.9838060552551227,0.9791530944625407,0.8933333333333333,0.8758169934640523,0.9810353470862536
400,0.0215,0.9836515469227091,0.9791530944625407,0.8933333333333333,0.8758169934640523,0.9810353470862537
100,0.0359,0.9831733068461906,0.9771986970684039,0.8881789137380192,0.9084967320261438,0.9855518666704501
110,0.0359,0.9828716477210021,0.9785016286644951,0.8938906752411575,0.9084967320261438,0.98442628377931
120,0.0359,0.9824596255012324,0.9778501628664495,0.8896103896103896,0.8954248366013072,0.9834946038231983
130,0.0359,0.9824669830408712,0.9785016286644951,0.8925081433224755,0.8954248366013072,0.9828514135996896
140,0.0359,0.9820770334400177,0.9778501628664495,0.8888888888888888,0.8888888888888888,0.9827993908610236
150,0.0359,0.9822904020895412,0.9785016286644951,0.8918032786885246,0.8888888888888888,0.9818062294864883
160,0.0359,0.9818857374094104,0.9778501628664495,0.8881578947368421,0.8823529411764706,0.9815035517342489
170,0.0359,0.9817753743148292,0.9778501628664495,0.8881578947368421,0.8823529411764706,0.9813853182372806
180,0.0359,0.9816576536806091,0.9785016286644951,0.8910891089108911,0.8823529411764706,0.9803401341240789
190,0.0359,0.9818268770923003,0.9791530944625407,0.8940397350993378,0.8823529411764706,0.9793706194489373
200,0.0359,0.9819445977265202,0.9791530944625407,0.8940397350993378,0.8823529411764706,0.97928549133112
210,0.0359,0.9816723687598867,0.9791530944625407,0.8940397350993378,0.8823529411764706,0.9791152350954854
220,0.0359,0.9814001397932531,0.9791530944625407,0.8940397350993378,0.8823529411764706,0.9792949500108774
230,0.0359,0.9814663576500019,0.9791530944625407,0.8940397350993378,0.8823529411764706,0.9796260038023895
240,0.0359,0.9812971342383107,0.9791530944625407,0.8940397350993378,0.8823529411764706,0.9802266299669893
250,0.0359,0.9813412794761432,0.9791530944625407,0.8940397350993378,0.8823529411764706,0.9798340947570539
260,0.0359,0.9812382739212008,0.9798045602605863,0.8970099667774086,0.8823529411764706,0.9800847497706271
270,0.0359,0.9811941286833682,0.9798045602605863,0.8970099667774086,0.8823529411764706,0.9797678839987515
280,0.0359,0.981289776698672,0.9798045602605863,0.8970099667774086,0.8823529411764706,0.9795692517238443
290,0.0359,0.9811499834455358,0.9791530944625407,0.8933333333333333,0.8758169934640523,0.9794273715274823
300,0.0359,0.9811131957473421,0.9791530944625407,0.8933333333333333,0.8758169934640523,0.9786848651665201
310,0.0359,0.981289776698672,0.9791530944625407,0.8933333333333333,0.8758169934640523,0.9783538113750084
320,0.0359,0.9812235588419232,0.9778501628664495,0.8866666666666667,0.869281045751634,0.9781788257994948
330,0.0359,0.980943972335651,0.9778501628664495,0.8866666666666667,0.869281045751634,0.9780842390019201
340,0.0359,0.9810028326527609,0.9798045602605863,0.8963210702341137,0.8758169934640523,0.9782734125970698
350,0.0359,0.9811352683662583,0.9798045602605863,0.8963210702341137,0.8758169934640523,0.9779329001258005
360,0.0359,0.9813486370157819,0.9791530944625407,0.8926174496644296,0.869281045751634,0.9778572306877407
370,0.0359,0.9814590001103631,0.9798045602605863,0.8956228956228957,0.869281045751634,0.9777910199294383
380,0.0359,0.981230916381562,0.9798045602605863,0.8956228956228957,0.869281045751634,0.9779187121061642
390,0.0359,0.981172056064452,0.9798045602605863,0.8956228956228957,0.869281045751634,0.977814666628832
400,0.0359,0.9811573409851746,0.9798045602605863,0.8956228956228957,0.869281045751634,0.9776444103931973
100,0.0599,0.9829746532759445,0.9791530944625407,0.8940397350993378,0.8823529411764706,0.9794746649262697
110,0.0599,0.9825699885958136,0.9804560260586319,0.9,0.8823529411764706,0.9793327847299074
120,0.0599,0.9823051171688187,0.9798045602605863,0.8970099667774086,0.8823529411764706,0.9801651485485656
130,0.0599,0.9819519552661591,0.9804560260586319,0.9,0.8823529411764706,0.9799570575939011
140,0.0599,0.9816135084427767,0.9811074918566776,0.903010033444816,0.8823529411764706,0.9803543221437151
150,0.0599,0.9819004524886878,0.9811074918566776,0.903010033444816,0.8823529411764706,0.9807184813143781
160,0.0599,0.9815693632049443,0.9817589576547231,0.9060402684563759,0.8823529411764706,0.980538766398986
170,0.0599,0.9817312290769967,0.9817589576547231,0.9060402684563759,0.8823529411764706,0.9800894791105057
180,0.0599,0.981951955266159,0.9817589576547231,0.9060402684563759,0.8823529411764706,0.9803779688431089
190,0.0599,0.981922525107604,0.9817589576547231,0.9060402684563759,0.8823529411764706,0.9801887952479592
200,0.0599,0.981863664790494,0.9817589576547231,0.9060402684563759,0.8823529411764706,0.9804820143204411
210,0.0599,0.9815252179671119,0.9817589576547231,0.9060402684563759,0.8823529411764706,0.980647541216197
220,0.0599,0.9814222124121693,0.9817589576547231,0.9060402684563759,0.8823529411764706,0.9803354047842003
230,0.0599,0.9813044917779495,0.9811074918566776,0.9023569023569024,0.8758169934640523,0.9804063448823813
240,0.0599,0.9813633520950594,0.9811074918566776,0.9023569023569024,0.8758169934640523,0.9804394502615326
250,0.0599,0.9813044917779495,0.9817589576547231,0.9054054054054054,0.8758169934640523,0.9802266299669893
260,0.0599,0.9808924695581798,0.9817589576547231,0.9054054054054054,0.8758169934640523,0.9801036671301419
270,0.0599,0.9809881175734835,0.9817589576547231,0.9054054054054054,0.8758169934640523,0.9801982539277169
280,0.0599,0.9808188941617924,0.9817589576547231,0.9054054054054054,0.8758169934640523,0.980302299405049
290,0.0599,0.9805025199573263,0.9817589576547231,0.9054054054054054,0.8758169934640523,0.9799239522147499
300,0.0599,0.9806717433690174,0.9817589576547231,0.9054054054054054,0.8758169934640523,0.9795124996452994
310,0.0599,0.9802891513078028,0.9817589576547231,0.9054054054054054,0.8758169934640523,0.9792240099126963
320,0.0599,0.9801052128168342,0.9830618892508143,0.9115646258503401,0.8758169934640523,0.9785619023296729
330,0.0599,0.9794577493286245,0.9830618892508143,0.9115646258503401,0.8758169934640523,0.9782734125970698
340,0.0599,0.9796490453592319,0.9830618892508143,0.9115646258503401,0.8758169934640523,0.9780795096620414
350,0.0599,0.9798697715483942,0.9830618892508143,0.9115646258503401,0.8758169934640523,0.9782923299565847
360,0.0599,0.9803406540852738,0.9830618892508143,0.9115646258503401,0.8758169934640523,0.9780936976816776
370,0.0599,0.9803774417834674,0.9837133550488599,0.9152542372881356,0.8823529411764706,0.9776444103931973
380,0.0599,0.9802302909906927,0.9837133550488599,0.9152542372881356,0.8823529411764706,0.9772282284838681
390,0.0599,0.9800316374204465,0.9837133550488599,0.9152542372881356,0.8823529411764706,0.9771336416862935
400,0.0599,0.979847698929478,0.9837133550488599,0.9152542372881356,0.8823529411764706,0.976977573470295
100,0.1,0.986248758415186,0.9811074918566776,0.903010033444816,0.8823529411764706,0.9791388817948791
110,0.1,0.9855277195305889,0.9804560260586319,0.8993288590604027,0.8758169934640523,0.9786044663885815
120,0.1,0.9857190155611963,0.9804560260586319,0.8993288590604027,0.8758169934640523,0.9784342101529468
130,0.1,0.9855130044513114,0.9798045602605863,0.8956228956228957,0.869281045751634,0.9782355778780397
140,0.1,0.9850126917558769,0.9804560260586319,0.8993288590604027,0.8758169934640523,0.9774883421771989
150,0.1,0.9853143508810653,0.9804560260586319,0.8993288590604027,0.8758169934640523,0.9776018463342887
160,0.1,0.9851598425486517,0.9798045602605863,0.8956228956228957,0.869281045751634,0.9773748380201092
170,0.1,0.9845050215208035,0.9804560260586319,0.8986486486486487,0.869281045751634,0.9765661209008446
180,0.1,0.984836110804547,0.9804560260586319,0.8986486486486487,0.869281045751634,0.9767883998751453
190,0.1,0.9840120663650075,0.9804560260586319,0.8986486486486487,0.869281045751634,0.976651249018662
200,0.1,0.9839458485082588,0.9804560260586319,0.8986486486486487,0.869281045751634,0.976542474201451
210,0.1,0.9833866754957141,0.9804560260586319,0.8986486486486487,0.869281045751634,0.9767269184567219
220,0.1,0.9834749659713792,0.9804560260586319,0.8986486486486487,0.869281045751634,0.9766985424174495
230,0.1,0.983452893352463,0.9811074918566776,0.9016949152542373,0.869281045751634,0.9766985424174494
240,0.1,0.9829525806570283,0.9811074918566776,0.9016949152542373,0.869281045751634,0.976760023835873
250,0.1,0.9834602508921018,0.9811074918566776,0.9016949152542373,0.869281045751634,0.9769302800715076
260,0.1,0.9832468822425781,0.9817589576547231,0.9047619047619048,0.869281045751634,0.9767647531757517
270,0.1,0.9833425302578818,0.9817589576547231,0.9047619047619048,0.869281045751634,0.9770248668690824
280,0.1,0.983107088989442,0.9817589576547231,0.9047619047619048,0.869281045751634,0.9770295962089613
290,0.1,0.9832248096236619,0.9817589576547231,0.9047619047619048,0.869281045751634,0.9767221891168432
300,0.1,0.9827759997056984,0.9817589576547231,0.9047619047619048,0.869281045751634,0.9771147243267785
